"","Species","Network_Type","Probability","Species_Degree","Species_Type","Fraction","Interaction_Network"
"1",1,"grid",0.287981859410431,5,"Plant",1,"M_SD_025"
"2",2,"grid",0.287981859410431,4,"Plant",1,"M_SD_025"
"3",3,"grid",0.285714285714286,4,"Plant",1,"M_SD_025"
"4",4,"grid",0.285714285714286,4,"Plant",1,"M_SD_025"
"5",5,"grid",0.267573696145125,2,"Plant",1,"M_SD_025"
"6",6,"grid",0.26530612244898,2,"Plant",1,"M_SD_025"
"7",7,"grid",0.215419501133787,1,"Plant",1,"M_SD_025"
"8",8,"grid",0.290249433106576,7,"Animal",1,"M_SD_025"
"9",9,"grid",0.285714285714286,4,"Animal",1,"M_SD_025"
"10",10,"grid",0.276643990929705,3,"Animal",1,"M_SD_025"
"11",11,"grid",0.27891156462585,3,"Animal",1,"M_SD_025"
"12",12,"grid",0.27891156462585,3,"Animal",1,"M_SD_025"
"13",13,"grid",0.260770975056689,2,"Animal",1,"M_SD_025"
"14",1,"grid",0.276643990929705,5,"Plant",2,"M_SD_025"
"15",2,"grid",0.272108843537415,4,"Plant",2,"M_SD_025"
"16",3,"grid",0.272108843537415,4,"Plant",2,"M_SD_025"
"17",4,"grid",0.272108843537415,4,"Plant",2,"M_SD_025"
"18",5,"grid",0.244897959183673,2,"Plant",2,"M_SD_025"
"19",6,"grid",0.249433106575964,2,"Plant",2,"M_SD_025"
"20",7,"grid",0.199546485260771,1,"Plant",2,"M_SD_025"
"21",8,"grid",0.27891156462585,7,"Animal",2,"M_SD_025"
"22",9,"grid",0.26984126984127,4,"Animal",2,"M_SD_025"
"23",10,"grid",0.26530612244898,3,"Animal",2,"M_SD_025"
"24",11,"grid",0.26530612244898,3,"Animal",2,"M_SD_025"
"25",12,"grid",0.26530612244898,3,"Animal",2,"M_SD_025"
"26",13,"grid",0.244897959183673,2,"Animal",2,"M_SD_025"
"27",1,"grid",0.253968253968254,5,"Plant",3,"M_SD_025"
"28",2,"grid",0.251700680272109,4,"Plant",3,"M_SD_025"
"29",3,"grid",0.251700680272109,4,"Plant",3,"M_SD_025"
"30",4,"grid",0.253968253968254,4,"Plant",3,"M_SD_025"
"31",5,"grid",0.233560090702948,2,"Plant",3,"M_SD_025"
"32",6,"grid",0.229024943310658,2,"Plant",3,"M_SD_025"
"33",7,"grid",0.18140589569161,1,"Plant",3,"M_SD_025"
"34",8,"grid",0.260770975056689,7,"Animal",3,"M_SD_025"
"35",9,"grid",0.251700680272109,4,"Animal",3,"M_SD_025"
"36",10,"grid",0.244897959183673,3,"Animal",3,"M_SD_025"
"37",11,"grid",0.244897959183673,3,"Animal",3,"M_SD_025"
"38",12,"grid",0.244897959183673,3,"Animal",3,"M_SD_025"
"39",13,"grid",0.231292517006803,2,"Animal",3,"M_SD_025"
"40",1,"grid",0.244897959183673,5,"Plant",4,"M_SD_025"
"41",2,"grid",0.242630385487528,4,"Plant",4,"M_SD_025"
"42",3,"grid",0.242630385487528,4,"Plant",4,"M_SD_025"
"43",4,"grid",0.242630385487528,4,"Plant",4,"M_SD_025"
"44",5,"grid",0.219954648526077,2,"Plant",4,"M_SD_025"
"45",6,"grid",0.219954648526077,2,"Plant",4,"M_SD_025"
"46",7,"grid",0.174603174603175,1,"Plant",4,"M_SD_025"
"47",8,"grid",0.249433106575964,7,"Animal",4,"M_SD_025"
"48",9,"grid",0.240362811791383,4,"Animal",4,"M_SD_025"
"49",10,"grid",0.233560090702948,3,"Animal",4,"M_SD_025"
"50",11,"grid",0.233560090702948,3,"Animal",4,"M_SD_025"
"51",12,"grid",0.235827664399093,3,"Animal",4,"M_SD_025"
"52",13,"grid",0.215419501133787,2,"Animal",4,"M_SD_025"
"53",1,"grid",0.224489795918367,5,"Plant",5,"M_SD_025"
"54",2,"grid",0.222222222222222,4,"Plant",5,"M_SD_025"
"55",3,"grid",0.222222222222222,4,"Plant",5,"M_SD_025"
"56",4,"grid",0.222222222222222,4,"Plant",5,"M_SD_025"
"57",5,"grid",0.199546485260771,2,"Plant",5,"M_SD_025"
"58",6,"grid",0.197278911564626,2,"Plant",5,"M_SD_025"
"59",7,"grid",0.160997732426304,1,"Plant",5,"M_SD_025"
"60",8,"grid",0.231292517006803,7,"Animal",5,"M_SD_025"
"61",9,"grid",0.224489795918367,4,"Animal",5,"M_SD_025"
"62",10,"grid",0.215419501133787,3,"Animal",5,"M_SD_025"
"63",11,"grid",0.217687074829932,3,"Animal",5,"M_SD_025"
"64",12,"grid",0.217687074829932,3,"Animal",5,"M_SD_025"
"65",13,"grid",0.199546485260771,2,"Animal",5,"M_SD_025"
"66",1,"grid",0.213151927437642,5,"Plant",6,"M_SD_025"
"67",2,"grid",0.208616780045351,4,"Plant",6,"M_SD_025"
"68",3,"grid",0.208616780045351,4,"Plant",6,"M_SD_025"
"69",4,"grid",0.208616780045351,4,"Plant",6,"M_SD_025"
"70",5,"grid",0.19047619047619,2,"Plant",6,"M_SD_025"
"71",6,"grid",0.195011337868481,2,"Plant",6,"M_SD_025"
"72",7,"grid",0.154195011337868,1,"Plant",6,"M_SD_025"
"73",8,"grid",0.217687074829932,7,"Animal",6,"M_SD_025"
"74",9,"grid",0.206349206349206,4,"Animal",6,"M_SD_025"
"75",10,"grid",0.199546485260771,3,"Animal",6,"M_SD_025"
"76",11,"grid",0.199546485260771,3,"Animal",6,"M_SD_025"
"77",12,"grid",0.199546485260771,3,"Animal",6,"M_SD_025"
"78",13,"grid",0.183673469387755,2,"Animal",6,"M_SD_025"
"79",1,"grid",0.199546485260771,5,"Plant",7,"M_SD_025"
"80",2,"grid",0.195011337868481,4,"Plant",7,"M_SD_025"
"81",3,"grid",0.195011337868481,4,"Plant",7,"M_SD_025"
"82",4,"grid",0.192743764172336,4,"Plant",7,"M_SD_025"
"83",5,"grid",0.172335600907029,2,"Plant",7,"M_SD_025"
"84",6,"grid",0.17687074829932,2,"Plant",7,"M_SD_025"
"85",7,"grid",0.145124716553288,1,"Plant",7,"M_SD_025"
"86",8,"grid",0.204081632653061,7,"Animal",7,"M_SD_025"
"87",9,"grid",0.195011337868481,4,"Animal",7,"M_SD_025"
"88",10,"grid",0.1859410430839,3,"Animal",7,"M_SD_025"
"89",11,"grid",0.183673469387755,3,"Animal",7,"M_SD_025"
"90",12,"grid",0.183673469387755,3,"Animal",7,"M_SD_025"
"91",13,"grid",0.172335600907029,2,"Animal",7,"M_SD_025"
"92",1,"grid",0.18140589569161,5,"Plant",8,"M_SD_025"
"93",2,"grid",0.17687074829932,4,"Plant",8,"M_SD_025"
"94",3,"grid",0.179138321995465,4,"Plant",8,"M_SD_025"
"95",4,"grid",0.17687074829932,4,"Plant",8,"M_SD_025"
"96",5,"grid",0.163265306122449,2,"Plant",8,"M_SD_025"
"97",6,"grid",0.163265306122449,2,"Plant",8,"M_SD_025"
"98",7,"grid",0.129251700680272,1,"Plant",8,"M_SD_025"
"99",8,"grid",0.1859410430839,7,"Animal",8,"M_SD_025"
"100",9,"grid",0.179138321995465,4,"Animal",8,"M_SD_025"
"101",10,"grid",0.170068027210884,3,"Animal",8,"M_SD_025"
"102",11,"grid",0.170068027210884,3,"Animal",8,"M_SD_025"
"103",12,"grid",0.174603174603175,3,"Animal",8,"M_SD_025"
"104",13,"grid",0.160997732426304,2,"Animal",8,"M_SD_025"
"105",1,"grid",0.165532879818594,5,"Plant",9,"M_SD_025"
"106",2,"grid",0.163265306122449,4,"Plant",9,"M_SD_025"
"107",3,"grid",0.163265306122449,4,"Plant",9,"M_SD_025"
"108",4,"grid",0.165532879818594,4,"Plant",9,"M_SD_025"
"109",5,"grid",0.142857142857143,2,"Plant",9,"M_SD_025"
"110",6,"grid",0.147392290249433,2,"Plant",9,"M_SD_025"
"111",7,"grid",0.120181405895692,1,"Plant",9,"M_SD_025"
"112",8,"grid",0.172335600907029,7,"Animal",9,"M_SD_025"
"113",9,"grid",0.163265306122449,4,"Animal",9,"M_SD_025"
"114",10,"grid",0.156462585034014,3,"Animal",9,"M_SD_025"
"115",11,"grid",0.156462585034014,3,"Animal",9,"M_SD_025"
"116",12,"grid",0.158730158730159,3,"Animal",9,"M_SD_025"
"117",13,"grid",0.142857142857143,2,"Animal",9,"M_SD_025"
"118",1,"grid",0.149659863945578,5,"Plant",10,"M_SD_025"
"119",2,"grid",0.149659863945578,4,"Plant",10,"M_SD_025"
"120",3,"grid",0.147392290249433,4,"Plant",10,"M_SD_025"
"121",4,"grid",0.147392290249433,4,"Plant",10,"M_SD_025"
"122",5,"grid",0.133786848072562,2,"Plant",10,"M_SD_025"
"123",6,"grid",0.131519274376417,2,"Plant",10,"M_SD_025"
"124",7,"grid",0.104308390022676,1,"Plant",10,"M_SD_025"
"125",8,"grid",0.151927437641723,7,"Animal",10,"M_SD_025"
"126",9,"grid",0.147392290249433,4,"Animal",10,"M_SD_025"
"127",10,"grid",0.142857142857143,3,"Animal",10,"M_SD_025"
"128",11,"grid",0.142857142857143,3,"Animal",10,"M_SD_025"
"129",12,"grid",0.142857142857143,3,"Animal",10,"M_SD_025"
"130",13,"grid",0.126984126984127,2,"Animal",10,"M_SD_025"
"131",1,"grid",0.145124716553288,5,"Plant",11,"M_SD_025"
"132",2,"grid",0.138321995464853,4,"Plant",11,"M_SD_025"
"133",3,"grid",0.138321995464853,4,"Plant",11,"M_SD_025"
"134",4,"grid",0.140589569160998,4,"Plant",11,"M_SD_025"
"135",5,"grid",0.117913832199546,2,"Plant",11,"M_SD_025"
"136",6,"grid",0.120181405895692,2,"Plant",11,"M_SD_025"
"137",7,"grid",0.102040816326531,1,"Plant",11,"M_SD_025"
"138",8,"grid",0.147392290249433,7,"Animal",11,"M_SD_025"
"139",9,"grid",0.133786848072562,4,"Animal",11,"M_SD_025"
"140",10,"grid",0.126984126984127,3,"Animal",11,"M_SD_025"
"141",11,"grid",0.124716553287982,3,"Animal",11,"M_SD_025"
"142",12,"grid",0.126984126984127,3,"Animal",11,"M_SD_025"
"143",13,"grid",0.122448979591837,2,"Animal",11,"M_SD_025"
"144",1,"grid",0.120181405895692,5,"Plant",12,"M_SD_025"
"145",2,"grid",0.117913832199546,4,"Plant",12,"M_SD_025"
"146",3,"grid",0.117913832199546,4,"Plant",12,"M_SD_025"
"147",4,"grid",0.115646258503401,4,"Plant",12,"M_SD_025"
"148",5,"grid",0.108843537414966,2,"Plant",12,"M_SD_025"
"149",6,"grid",0.108843537414966,2,"Plant",12,"M_SD_025"
"150",7,"grid",0.0839002267573696,1,"Plant",12,"M_SD_025"
"151",8,"grid",0.122448979591837,7,"Animal",12,"M_SD_025"
"152",9,"grid",0.115646258503401,4,"Animal",12,"M_SD_025"
"153",10,"grid",0.111111111111111,3,"Animal",12,"M_SD_025"
"154",11,"grid",0.113378684807256,3,"Animal",12,"M_SD_025"
"155",12,"grid",0.111111111111111,3,"Animal",12,"M_SD_025"
"156",13,"grid",0.106575963718821,2,"Animal",12,"M_SD_025"
"157",1,"grid",0.108843537414966,5,"Plant",13,"M_SD_025"
"158",2,"grid",0.106575963718821,4,"Plant",13,"M_SD_025"
"159",3,"grid",0.108843537414966,4,"Plant",13,"M_SD_025"
"160",4,"grid",0.106575963718821,4,"Plant",13,"M_SD_025"
"161",5,"grid",0.0997732426303855,2,"Plant",13,"M_SD_025"
"162",6,"grid",0.0975056689342404,2,"Plant",13,"M_SD_025"
"163",7,"grid",0.0793650793650794,1,"Plant",13,"M_SD_025"
"164",8,"grid",0.113378684807256,7,"Animal",13,"M_SD_025"
"165",9,"grid",0.104308390022676,4,"Animal",13,"M_SD_025"
"166",10,"grid",0.106575963718821,3,"Animal",13,"M_SD_025"
"167",11,"grid",0.104308390022676,3,"Animal",13,"M_SD_025"
"168",12,"grid",0.0997732426303855,3,"Animal",13,"M_SD_025"
"169",13,"grid",0.0975056689342404,2,"Animal",13,"M_SD_025"
"170",1,"grid",0.0975056689342404,5,"Plant",14,"M_SD_025"
"171",2,"grid",0.0975056689342404,4,"Plant",14,"M_SD_025"
"172",3,"grid",0.0975056689342404,4,"Plant",14,"M_SD_025"
"173",4,"grid",0.0952380952380952,4,"Plant",14,"M_SD_025"
"174",5,"grid",0.0884353741496599,2,"Plant",14,"M_SD_025"
"175",6,"grid",0.0929705215419501,2,"Plant",14,"M_SD_025"
"176",7,"grid",0.072562358276644,1,"Plant",14,"M_SD_025"
"177",8,"grid",0.0997732426303855,7,"Animal",14,"M_SD_025"
"178",9,"grid",0.0975056689342404,4,"Animal",14,"M_SD_025"
"179",10,"grid",0.090702947845805,3,"Animal",14,"M_SD_025"
"180",11,"grid",0.0929705215419501,3,"Animal",14,"M_SD_025"
"181",12,"grid",0.0929705215419501,3,"Animal",14,"M_SD_025"
"182",13,"grid",0.0884353741496599,2,"Animal",14,"M_SD_025"
"183",1,"grid",0.090702947845805,5,"Plant",15,"M_SD_025"
"184",2,"grid",0.0884353741496599,4,"Plant",15,"M_SD_025"
"185",3,"grid",0.0839002267573696,4,"Plant",15,"M_SD_025"
"186",4,"grid",0.0861678004535147,4,"Plant",15,"M_SD_025"
"187",5,"grid",0.0770975056689342,2,"Plant",15,"M_SD_025"
"188",6,"grid",0.0770975056689342,2,"Plant",15,"M_SD_025"
"189",7,"grid",0.0702947845804989,1,"Plant",15,"M_SD_025"
"190",8,"grid",0.0884353741496599,7,"Animal",15,"M_SD_025"
"191",9,"grid",0.0861678004535147,4,"Animal",15,"M_SD_025"
"192",10,"grid",0.0816326530612245,3,"Animal",15,"M_SD_025"
"193",11,"grid",0.0861678004535147,3,"Animal",15,"M_SD_025"
"194",12,"grid",0.0861678004535147,3,"Animal",15,"M_SD_025"
"195",13,"grid",0.0770975056689342,2,"Animal",15,"M_SD_025"
"196",1,"grid",0.0680272108843537,5,"Plant",16,"M_SD_025"
"197",2,"grid",0.0680272108843537,4,"Plant",16,"M_SD_025"
"198",3,"grid",0.0680272108843537,4,"Plant",16,"M_SD_025"
"199",4,"grid",0.0680272108843537,4,"Plant",16,"M_SD_025"
"200",5,"grid",0.0657596371882086,2,"Plant",16,"M_SD_025"
"201",6,"grid",0.0657596371882086,2,"Plant",16,"M_SD_025"
"202",7,"grid",0.0566893424036281,1,"Plant",16,"M_SD_025"
"203",8,"grid",0.072562358276644,7,"Animal",16,"M_SD_025"
"204",9,"grid",0.0702947845804989,4,"Animal",16,"M_SD_025"
"205",10,"grid",0.0680272108843537,3,"Animal",16,"M_SD_025"
"206",11,"grid",0.0680272108843537,3,"Animal",16,"M_SD_025"
"207",12,"grid",0.0680272108843537,3,"Animal",16,"M_SD_025"
"208",13,"grid",0.0634920634920635,2,"Animal",16,"M_SD_025"
"209",1,"grid",0.0612244897959184,5,"Plant",17,"M_SD_025"
"210",2,"grid",0.0634920634920635,4,"Plant",17,"M_SD_025"
"211",3,"grid",0.0634920634920635,4,"Plant",17,"M_SD_025"
"212",4,"grid",0.0612244897959184,4,"Plant",17,"M_SD_025"
"213",5,"grid",0.0612244897959184,2,"Plant",17,"M_SD_025"
"214",6,"grid",0.0612244897959184,2,"Plant",17,"M_SD_025"
"215",7,"grid",0.0566893424036281,1,"Plant",17,"M_SD_025"
"216",8,"grid",0.0657596371882086,7,"Animal",17,"M_SD_025"
"217",9,"grid",0.0634920634920635,4,"Animal",17,"M_SD_025"
"218",10,"grid",0.0612244897959184,3,"Animal",17,"M_SD_025"
"219",11,"grid",0.0612244897959184,3,"Animal",17,"M_SD_025"
"220",12,"grid",0.0612244897959184,3,"Animal",17,"M_SD_025"
"221",13,"grid",0.0566893424036281,2,"Animal",17,"M_SD_025"
"222",1,"grid",0.0566893424036281,5,"Plant",18,"M_SD_025"
"223",2,"grid",0.0566893424036281,4,"Plant",18,"M_SD_025"
"224",3,"grid",0.0566893424036281,4,"Plant",18,"M_SD_025"
"225",4,"grid",0.0566893424036281,4,"Plant",18,"M_SD_025"
"226",5,"grid",0.054421768707483,2,"Plant",18,"M_SD_025"
"227",6,"grid",0.054421768707483,2,"Plant",18,"M_SD_025"
"228",7,"grid",0.0521541950113379,1,"Plant",18,"M_SD_025"
"229",8,"grid",0.0589569160997732,7,"Animal",18,"M_SD_025"
"230",9,"grid",0.0589569160997732,4,"Animal",18,"M_SD_025"
"231",10,"grid",0.054421768707483,3,"Animal",18,"M_SD_025"
"232",11,"grid",0.0566893424036281,3,"Animal",18,"M_SD_025"
"233",12,"grid",0.054421768707483,3,"Animal",18,"M_SD_025"
"234",13,"grid",0.0521541950113379,2,"Animal",18,"M_SD_025"
"235",1,"grid",0.0498866213151927,5,"Plant",19,"M_SD_025"
"236",2,"grid",0.0521541950113379,4,"Plant",19,"M_SD_025"
"237",3,"grid",0.0521541950113379,4,"Plant",19,"M_SD_025"
"238",4,"grid",0.0521541950113379,4,"Plant",19,"M_SD_025"
"239",5,"grid",0.0498866213151927,2,"Plant",19,"M_SD_025"
"240",6,"grid",0.0521541950113379,2,"Plant",19,"M_SD_025"
"241",7,"grid",0.0476190476190476,1,"Plant",19,"M_SD_025"
"242",8,"grid",0.0521541950113379,7,"Animal",19,"M_SD_025"
"243",9,"grid",0.0521541950113379,4,"Animal",19,"M_SD_025"
"244",10,"grid",0.0498866213151927,3,"Animal",19,"M_SD_025"
"245",11,"grid",0.0521541950113379,3,"Animal",19,"M_SD_025"
"246",12,"grid",0.0521541950113379,3,"Animal",19,"M_SD_025"
"247",13,"grid",0.0521541950113379,2,"Animal",19,"M_SD_025"
"248",1,"grid",0.0476190476190476,5,"Plant",20,"M_SD_025"
"249",2,"grid",0.0498866213151927,4,"Plant",20,"M_SD_025"
"250",3,"grid",0.0476190476190476,4,"Plant",20,"M_SD_025"
"251",4,"grid",0.0498866213151927,4,"Plant",20,"M_SD_025"
"252",5,"grid",0.0476190476190476,2,"Plant",20,"M_SD_025"
"253",6,"grid",0.0498866213151927,2,"Plant",20,"M_SD_025"
"254",7,"grid",0.0476190476190476,1,"Plant",20,"M_SD_025"
"255",8,"grid",0.0498866213151927,7,"Animal",20,"M_SD_025"
"256",9,"grid",0.0476190476190476,4,"Animal",20,"M_SD_025"
"257",10,"grid",0.0476190476190476,3,"Animal",20,"M_SD_025"
"258",11,"grid",0.0476190476190476,3,"Animal",20,"M_SD_025"
"259",12,"grid",0.0476190476190476,3,"Animal",20,"M_SD_025"
"260",13,"grid",0.0476190476190476,2,"Animal",20,"M_SD_025"
"261",1,"grid",0,5,"Plant",21,"M_SD_025"
"262",2,"grid",0,4,"Plant",21,"M_SD_025"
"263",3,"grid",0,4,"Plant",21,"M_SD_025"
"264",4,"grid",0,4,"Plant",21,"M_SD_025"
"265",5,"grid",0,2,"Plant",21,"M_SD_025"
"266",6,"grid",0,2,"Plant",21,"M_SD_025"
"267",7,"grid",0,1,"Plant",21,"M_SD_025"
"268",8,"grid",0,7,"Animal",21,"M_SD_025"
"269",9,"grid",0,4,"Animal",21,"M_SD_025"
"270",10,"grid",0,3,"Animal",21,"M_SD_025"
"271",11,"grid",0,3,"Animal",21,"M_SD_025"
"272",12,"grid",0,3,"Animal",21,"M_SD_025"
"273",13,"grid",0,2,"Animal",21,"M_SD_025"
"274",1,"kRegular",0.324263038548753,5,"Plant",1,"M_SD_025"
"275",2,"kRegular",0.324263038548753,4,"Plant",1,"M_SD_025"
"276",3,"kRegular",0.324263038548753,4,"Plant",1,"M_SD_025"
"277",4,"kRegular",0.324263038548753,4,"Plant",1,"M_SD_025"
"278",5,"kRegular",0.299319727891156,2,"Plant",1,"M_SD_025"
"279",6,"kRegular",0.299319727891156,2,"Plant",1,"M_SD_025"
"280",7,"kRegular",0.244897959183673,1,"Plant",1,"M_SD_025"
"281",8,"kRegular",0.324263038548753,7,"Animal",1,"M_SD_025"
"282",9,"kRegular",0.324263038548753,4,"Animal",1,"M_SD_025"
"283",10,"kRegular",0.319727891156463,3,"Animal",1,"M_SD_025"
"284",11,"kRegular",0.319727891156463,3,"Animal",1,"M_SD_025"
"285",12,"kRegular",0.319727891156463,3,"Animal",1,"M_SD_025"
"286",13,"kRegular",0.299319727891156,2,"Animal",1,"M_SD_025"
"287",1,"kRegular",0.299319727891156,5,"Plant",2,"M_SD_025"
"288",2,"kRegular",0.297052154195011,4,"Plant",2,"M_SD_025"
"289",3,"kRegular",0.299319727891156,4,"Plant",2,"M_SD_025"
"290",4,"kRegular",0.297052154195011,4,"Plant",2,"M_SD_025"
"291",5,"kRegular",0.272108843537415,2,"Plant",2,"M_SD_025"
"292",6,"kRegular",0.27891156462585,2,"Plant",2,"M_SD_025"
"293",7,"kRegular",0.224489795918367,1,"Plant",2,"M_SD_025"
"294",8,"kRegular",0.297052154195011,7,"Animal",2,"M_SD_025"
"295",9,"kRegular",0.297052154195011,4,"Animal",2,"M_SD_025"
"296",10,"kRegular",0.290249433106576,3,"Animal",2,"M_SD_025"
"297",11,"kRegular",0.290249433106576,3,"Animal",2,"M_SD_025"
"298",12,"kRegular",0.290249433106576,3,"Animal",2,"M_SD_025"
"299",13,"kRegular",0.26984126984127,2,"Animal",2,"M_SD_025"
"300",1,"kRegular",0.276643990929705,5,"Plant",3,"M_SD_025"
"301",2,"kRegular",0.272108843537415,4,"Plant",3,"M_SD_025"
"302",3,"kRegular",0.272108843537415,4,"Plant",3,"M_SD_025"
"303",4,"kRegular",0.272108843537415,4,"Plant",3,"M_SD_025"
"304",5,"kRegular",0.247165532879819,2,"Plant",3,"M_SD_025"
"305",6,"kRegular",0.253968253968254,2,"Plant",3,"M_SD_025"
"306",7,"kRegular",0.206349206349206,1,"Plant",3,"M_SD_025"
"307",8,"kRegular",0.276643990929705,7,"Animal",3,"M_SD_025"
"308",9,"kRegular",0.272108843537415,4,"Animal",3,"M_SD_025"
"309",10,"kRegular",0.26530612244898,3,"Animal",3,"M_SD_025"
"310",11,"kRegular",0.26530612244898,3,"Animal",3,"M_SD_025"
"311",12,"kRegular",0.26530612244898,3,"Animal",3,"M_SD_025"
"312",13,"kRegular",0.251700680272109,2,"Animal",3,"M_SD_025"
"313",1,"kRegular",0.253968253968254,5,"Plant",4,"M_SD_025"
"314",2,"kRegular",0.249433106575964,4,"Plant",4,"M_SD_025"
"315",3,"kRegular",0.249433106575964,4,"Plant",4,"M_SD_025"
"316",4,"kRegular",0.249433106575964,4,"Plant",4,"M_SD_025"
"317",5,"kRegular",0.231292517006803,2,"Plant",4,"M_SD_025"
"318",6,"kRegular",0.231292517006803,2,"Plant",4,"M_SD_025"
"319",7,"kRegular",0.1859410430839,1,"Plant",4,"M_SD_025"
"320",8,"kRegular",0.256235827664399,7,"Animal",4,"M_SD_025"
"321",9,"kRegular",0.249433106575964,4,"Animal",4,"M_SD_025"
"322",10,"kRegular",0.244897959183673,3,"Animal",4,"M_SD_025"
"323",11,"kRegular",0.242630385487528,3,"Animal",4,"M_SD_025"
"324",12,"kRegular",0.244897959183673,3,"Animal",4,"M_SD_025"
"325",13,"kRegular",0.231292517006803,2,"Animal",4,"M_SD_025"
"326",1,"kRegular",0.229024943310658,5,"Plant",5,"M_SD_025"
"327",2,"kRegular",0.226757369614512,4,"Plant",5,"M_SD_025"
"328",3,"kRegular",0.226757369614512,4,"Plant",5,"M_SD_025"
"329",4,"kRegular",0.226757369614512,4,"Plant",5,"M_SD_025"
"330",5,"kRegular",0.208616780045351,2,"Plant",5,"M_SD_025"
"331",6,"kRegular",0.208616780045351,2,"Plant",5,"M_SD_025"
"332",7,"kRegular",0.174603174603175,1,"Plant",5,"M_SD_025"
"333",8,"kRegular",0.235827664399093,7,"Animal",5,"M_SD_025"
"334",9,"kRegular",0.224489795918367,4,"Animal",5,"M_SD_025"
"335",10,"kRegular",0.219954648526077,3,"Animal",5,"M_SD_025"
"336",11,"kRegular",0.219954648526077,3,"Animal",5,"M_SD_025"
"337",12,"kRegular",0.219954648526077,3,"Animal",5,"M_SD_025"
"338",13,"kRegular",0.204081632653061,2,"Animal",5,"M_SD_025"
"339",1,"kRegular",0.210884353741497,5,"Plant",6,"M_SD_025"
"340",2,"kRegular",0.206349206349206,4,"Plant",6,"M_SD_025"
"341",3,"kRegular",0.208616780045351,4,"Plant",6,"M_SD_025"
"342",4,"kRegular",0.206349206349206,4,"Plant",6,"M_SD_025"
"343",5,"kRegular",0.192743764172336,2,"Plant",6,"M_SD_025"
"344",6,"kRegular",0.195011337868481,2,"Plant",6,"M_SD_025"
"345",7,"kRegular",0.165532879818594,1,"Plant",6,"M_SD_025"
"346",8,"kRegular",0.217687074829932,7,"Animal",6,"M_SD_025"
"347",9,"kRegular",0.208616780045351,4,"Animal",6,"M_SD_025"
"348",10,"kRegular",0.199546485260771,3,"Animal",6,"M_SD_025"
"349",11,"kRegular",0.201814058956916,3,"Animal",6,"M_SD_025"
"350",12,"kRegular",0.199546485260771,3,"Animal",6,"M_SD_025"
"351",13,"kRegular",0.19047619047619,2,"Animal",6,"M_SD_025"
"352",1,"kRegular",0.19047619047619,5,"Plant",7,"M_SD_025"
"353",2,"kRegular",0.19047619047619,4,"Plant",7,"M_SD_025"
"354",3,"kRegular",0.188208616780045,4,"Plant",7,"M_SD_025"
"355",4,"kRegular",0.19047619047619,4,"Plant",7,"M_SD_025"
"356",5,"kRegular",0.179138321995465,2,"Plant",7,"M_SD_025"
"357",6,"kRegular",0.179138321995465,2,"Plant",7,"M_SD_025"
"358",7,"kRegular",0.149659863945578,1,"Plant",7,"M_SD_025"
"359",8,"kRegular",0.197278911564626,7,"Animal",7,"M_SD_025"
"360",9,"kRegular",0.19047619047619,4,"Animal",7,"M_SD_025"
"361",10,"kRegular",0.183673469387755,3,"Animal",7,"M_SD_025"
"362",11,"kRegular",0.18140589569161,3,"Animal",7,"M_SD_025"
"363",12,"kRegular",0.183673469387755,3,"Animal",7,"M_SD_025"
"364",13,"kRegular",0.174603174603175,2,"Animal",7,"M_SD_025"
"365",1,"kRegular",0.172335600907029,5,"Plant",8,"M_SD_025"
"366",2,"kRegular",0.170068027210884,4,"Plant",8,"M_SD_025"
"367",3,"kRegular",0.167800453514739,4,"Plant",8,"M_SD_025"
"368",4,"kRegular",0.170068027210884,4,"Plant",8,"M_SD_025"
"369",5,"kRegular",0.154195011337868,2,"Plant",8,"M_SD_025"
"370",6,"kRegular",0.156462585034014,2,"Plant",8,"M_SD_025"
"371",7,"kRegular",0.133786848072562,1,"Plant",8,"M_SD_025"
"372",8,"kRegular",0.17687074829932,7,"Animal",8,"M_SD_025"
"373",9,"kRegular",0.167800453514739,4,"Animal",8,"M_SD_025"
"374",10,"kRegular",0.165532879818594,3,"Animal",8,"M_SD_025"
"375",11,"kRegular",0.165532879818594,3,"Animal",8,"M_SD_025"
"376",12,"kRegular",0.165532879818594,3,"Animal",8,"M_SD_025"
"377",13,"kRegular",0.154195011337868,2,"Animal",8,"M_SD_025"
"378",1,"kRegular",0.160997732426304,5,"Plant",9,"M_SD_025"
"379",2,"kRegular",0.158730158730159,4,"Plant",9,"M_SD_025"
"380",3,"kRegular",0.158730158730159,4,"Plant",9,"M_SD_025"
"381",4,"kRegular",0.160997732426304,4,"Plant",9,"M_SD_025"
"382",5,"kRegular",0.147392290249433,2,"Plant",9,"M_SD_025"
"383",6,"kRegular",0.147392290249433,2,"Plant",9,"M_SD_025"
"384",7,"kRegular",0.120181405895692,1,"Plant",9,"M_SD_025"
"385",8,"kRegular",0.165532879818594,7,"Animal",9,"M_SD_025"
"386",9,"kRegular",0.160997732426304,4,"Animal",9,"M_SD_025"
"387",10,"kRegular",0.156462585034014,3,"Animal",9,"M_SD_025"
"388",11,"kRegular",0.158730158730159,3,"Animal",9,"M_SD_025"
"389",12,"kRegular",0.156462585034014,3,"Animal",9,"M_SD_025"
"390",13,"kRegular",0.147392290249433,2,"Animal",9,"M_SD_025"
"391",1,"kRegular",0.145124716553288,5,"Plant",10,"M_SD_025"
"392",2,"kRegular",0.142857142857143,4,"Plant",10,"M_SD_025"
"393",3,"kRegular",0.142857142857143,4,"Plant",10,"M_SD_025"
"394",4,"kRegular",0.140589569160998,4,"Plant",10,"M_SD_025"
"395",5,"kRegular",0.131519274376417,2,"Plant",10,"M_SD_025"
"396",6,"kRegular",0.133786848072562,2,"Plant",10,"M_SD_025"
"397",7,"kRegular",0.113378684807256,1,"Plant",10,"M_SD_025"
"398",8,"kRegular",0.147392290249433,7,"Animal",10,"M_SD_025"
"399",9,"kRegular",0.140589569160998,4,"Animal",10,"M_SD_025"
"400",10,"kRegular",0.138321995464853,3,"Animal",10,"M_SD_025"
"401",11,"kRegular",0.138321995464853,3,"Animal",10,"M_SD_025"
"402",12,"kRegular",0.136054421768707,3,"Animal",10,"M_SD_025"
"403",13,"kRegular",0.129251700680272,2,"Animal",10,"M_SD_025"
"404",1,"kRegular",0.136054421768707,5,"Plant",11,"M_SD_025"
"405",2,"kRegular",0.136054421768707,4,"Plant",11,"M_SD_025"
"406",3,"kRegular",0.136054421768707,4,"Plant",11,"M_SD_025"
"407",4,"kRegular",0.136054421768707,4,"Plant",11,"M_SD_025"
"408",5,"kRegular",0.122448979591837,2,"Plant",11,"M_SD_025"
"409",6,"kRegular",0.124716553287982,2,"Plant",11,"M_SD_025"
"410",7,"kRegular",0.106575963718821,1,"Plant",11,"M_SD_025"
"411",8,"kRegular",0.140589569160998,7,"Animal",11,"M_SD_025"
"412",9,"kRegular",0.133786848072562,4,"Animal",11,"M_SD_025"
"413",10,"kRegular",0.129251700680272,3,"Animal",11,"M_SD_025"
"414",11,"kRegular",0.129251700680272,3,"Animal",11,"M_SD_025"
"415",12,"kRegular",0.131519274376417,3,"Animal",11,"M_SD_025"
"416",13,"kRegular",0.122448979591837,2,"Animal",11,"M_SD_025"
"417",1,"kRegular",0.122448979591837,5,"Plant",12,"M_SD_025"
"418",2,"kRegular",0.120181405895692,4,"Plant",12,"M_SD_025"
"419",3,"kRegular",0.117913832199546,4,"Plant",12,"M_SD_025"
"420",4,"kRegular",0.122448979591837,4,"Plant",12,"M_SD_025"
"421",5,"kRegular",0.108843537414966,2,"Plant",12,"M_SD_025"
"422",6,"kRegular",0.106575963718821,2,"Plant",12,"M_SD_025"
"423",7,"kRegular",0.090702947845805,1,"Plant",12,"M_SD_025"
"424",8,"kRegular",0.129251700680272,7,"Animal",12,"M_SD_025"
"425",9,"kRegular",0.120181405895692,4,"Animal",12,"M_SD_025"
"426",10,"kRegular",0.115646258503401,3,"Animal",12,"M_SD_025"
"427",11,"kRegular",0.117913832199546,3,"Animal",12,"M_SD_025"
"428",12,"kRegular",0.117913832199546,3,"Animal",12,"M_SD_025"
"429",13,"kRegular",0.111111111111111,2,"Animal",12,"M_SD_025"
"430",1,"kRegular",0.111111111111111,5,"Plant",13,"M_SD_025"
"431",2,"kRegular",0.108843537414966,4,"Plant",13,"M_SD_025"
"432",3,"kRegular",0.108843537414966,4,"Plant",13,"M_SD_025"
"433",4,"kRegular",0.108843537414966,4,"Plant",13,"M_SD_025"
"434",5,"kRegular",0.102040816326531,2,"Plant",13,"M_SD_025"
"435",6,"kRegular",0.0975056689342404,2,"Plant",13,"M_SD_025"
"436",7,"kRegular",0.0839002267573696,1,"Plant",13,"M_SD_025"
"437",8,"kRegular",0.113378684807256,7,"Animal",13,"M_SD_025"
"438",9,"kRegular",0.108843537414966,4,"Animal",13,"M_SD_025"
"439",10,"kRegular",0.108843537414966,3,"Animal",13,"M_SD_025"
"440",11,"kRegular",0.108843537414966,3,"Animal",13,"M_SD_025"
"441",12,"kRegular",0.108843537414966,3,"Animal",13,"M_SD_025"
"442",13,"kRegular",0.0997732426303855,2,"Animal",13,"M_SD_025"
"443",1,"kRegular",0.102040816326531,5,"Plant",14,"M_SD_025"
"444",2,"kRegular",0.0929705215419501,4,"Plant",14,"M_SD_025"
"445",3,"kRegular",0.0975056689342404,4,"Plant",14,"M_SD_025"
"446",4,"kRegular",0.0975056689342404,4,"Plant",14,"M_SD_025"
"447",5,"kRegular",0.0884353741496599,2,"Plant",14,"M_SD_025"
"448",6,"kRegular",0.0861678004535147,2,"Plant",14,"M_SD_025"
"449",7,"kRegular",0.0748299319727891,1,"Plant",14,"M_SD_025"
"450",8,"kRegular",0.102040816326531,7,"Animal",14,"M_SD_025"
"451",9,"kRegular",0.0952380952380952,4,"Animal",14,"M_SD_025"
"452",10,"kRegular",0.0929705215419501,3,"Animal",14,"M_SD_025"
"453",11,"kRegular",0.0952380952380952,3,"Animal",14,"M_SD_025"
"454",12,"kRegular",0.0929705215419501,3,"Animal",14,"M_SD_025"
"455",13,"kRegular",0.0884353741496599,2,"Animal",14,"M_SD_025"
"456",1,"kRegular",0.0929705215419501,5,"Plant",15,"M_SD_025"
"457",2,"kRegular",0.0861678004535147,4,"Plant",15,"M_SD_025"
"458",3,"kRegular",0.0884353741496599,4,"Plant",15,"M_SD_025"
"459",4,"kRegular",0.0861678004535147,4,"Plant",15,"M_SD_025"
"460",5,"kRegular",0.0816326530612245,2,"Plant",15,"M_SD_025"
"461",6,"kRegular",0.0839002267573696,2,"Plant",15,"M_SD_025"
"462",7,"kRegular",0.0702947845804989,1,"Plant",15,"M_SD_025"
"463",8,"kRegular",0.090702947845805,7,"Animal",15,"M_SD_025"
"464",9,"kRegular",0.0861678004535147,4,"Animal",15,"M_SD_025"
"465",10,"kRegular",0.0861678004535147,3,"Animal",15,"M_SD_025"
"466",11,"kRegular",0.0839002267573696,3,"Animal",15,"M_SD_025"
"467",12,"kRegular",0.0861678004535147,3,"Animal",15,"M_SD_025"
"468",13,"kRegular",0.0748299319727891,2,"Animal",15,"M_SD_025"
"469",1,"kRegular",0.0816326530612245,5,"Plant",16,"M_SD_025"
"470",2,"kRegular",0.0816326530612245,4,"Plant",16,"M_SD_025"
"471",3,"kRegular",0.0793650793650794,4,"Plant",16,"M_SD_025"
"472",4,"kRegular",0.0770975056689342,4,"Plant",16,"M_SD_025"
"473",5,"kRegular",0.0680272108843537,2,"Plant",16,"M_SD_025"
"474",6,"kRegular",0.0680272108843537,2,"Plant",16,"M_SD_025"
"475",7,"kRegular",0.0657596371882086,1,"Plant",16,"M_SD_025"
"476",8,"kRegular",0.0816326530612245,7,"Animal",16,"M_SD_025"
"477",9,"kRegular",0.0770975056689342,4,"Animal",16,"M_SD_025"
"478",10,"kRegular",0.0793650793650794,3,"Animal",16,"M_SD_025"
"479",11,"kRegular",0.0770975056689342,3,"Animal",16,"M_SD_025"
"480",12,"kRegular",0.0748299319727891,3,"Animal",16,"M_SD_025"
"481",13,"kRegular",0.072562358276644,2,"Animal",16,"M_SD_025"
"482",1,"kRegular",0.0657596371882086,5,"Plant",17,"M_SD_025"
"483",2,"kRegular",0.0634920634920635,4,"Plant",17,"M_SD_025"
"484",3,"kRegular",0.0657596371882086,4,"Plant",17,"M_SD_025"
"485",4,"kRegular",0.0634920634920635,4,"Plant",17,"M_SD_025"
"486",5,"kRegular",0.0612244897959184,2,"Plant",17,"M_SD_025"
"487",6,"kRegular",0.0612244897959184,2,"Plant",17,"M_SD_025"
"488",7,"kRegular",0.0566893424036281,1,"Plant",17,"M_SD_025"
"489",8,"kRegular",0.0680272108843537,7,"Animal",17,"M_SD_025"
"490",9,"kRegular",0.0657596371882086,4,"Animal",17,"M_SD_025"
"491",10,"kRegular",0.0634920634920635,3,"Animal",17,"M_SD_025"
"492",11,"kRegular",0.0634920634920635,3,"Animal",17,"M_SD_025"
"493",12,"kRegular",0.0612244897959184,3,"Animal",17,"M_SD_025"
"494",13,"kRegular",0.0612244897959184,2,"Animal",17,"M_SD_025"
"495",1,"kRegular",0.0612244897959184,5,"Plant",18,"M_SD_025"
"496",2,"kRegular",0.0612244897959184,4,"Plant",18,"M_SD_025"
"497",3,"kRegular",0.0589569160997732,4,"Plant",18,"M_SD_025"
"498",4,"kRegular",0.0566893424036281,4,"Plant",18,"M_SD_025"
"499",5,"kRegular",0.0566893424036281,2,"Plant",18,"M_SD_025"
"500",6,"kRegular",0.0566893424036281,2,"Plant",18,"M_SD_025"
"501",7,"kRegular",0.054421768707483,1,"Plant",18,"M_SD_025"
"502",8,"kRegular",0.0612244897959184,7,"Animal",18,"M_SD_025"
"503",9,"kRegular",0.0566893424036281,4,"Animal",18,"M_SD_025"
"504",10,"kRegular",0.0521541950113379,3,"Animal",18,"M_SD_025"
"505",11,"kRegular",0.0566893424036281,3,"Animal",18,"M_SD_025"
"506",12,"kRegular",0.054421768707483,3,"Animal",18,"M_SD_025"
"507",13,"kRegular",0.0521541950113379,2,"Animal",18,"M_SD_025"
"508",1,"kRegular",0.054421768707483,5,"Plant",19,"M_SD_025"
"509",2,"kRegular",0.054421768707483,4,"Plant",19,"M_SD_025"
"510",3,"kRegular",0.054421768707483,4,"Plant",19,"M_SD_025"
"511",4,"kRegular",0.0521541950113379,4,"Plant",19,"M_SD_025"
"512",5,"kRegular",0.0521541950113379,2,"Plant",19,"M_SD_025"
"513",6,"kRegular",0.0521541950113379,2,"Plant",19,"M_SD_025"
"514",7,"kRegular",0.0521541950113379,1,"Plant",19,"M_SD_025"
"515",8,"kRegular",0.0521541950113379,7,"Animal",19,"M_SD_025"
"516",9,"kRegular",0.0521541950113379,4,"Animal",19,"M_SD_025"
"517",10,"kRegular",0.0498866213151927,3,"Animal",19,"M_SD_025"
"518",11,"kRegular",0.0521541950113379,3,"Animal",19,"M_SD_025"
"519",12,"kRegular",0.0521541950113379,3,"Animal",19,"M_SD_025"
"520",13,"kRegular",0.0521541950113379,2,"Animal",19,"M_SD_025"
"521",1,"kRegular",0.0476190476190476,5,"Plant",20,"M_SD_025"
"522",2,"kRegular",0.0476190476190476,4,"Plant",20,"M_SD_025"
"523",3,"kRegular",0.0476190476190476,4,"Plant",20,"M_SD_025"
"524",4,"kRegular",0.0476190476190476,4,"Plant",20,"M_SD_025"
"525",5,"kRegular",0.0476190476190476,2,"Plant",20,"M_SD_025"
"526",6,"kRegular",0.0476190476190476,2,"Plant",20,"M_SD_025"
"527",7,"kRegular",0.0476190476190476,1,"Plant",20,"M_SD_025"
"528",8,"kRegular",0.0476190476190476,7,"Animal",20,"M_SD_025"
"529",9,"kRegular",0.0476190476190476,4,"Animal",20,"M_SD_025"
"530",10,"kRegular",0.0476190476190476,3,"Animal",20,"M_SD_025"
"531",11,"kRegular",0.0476190476190476,3,"Animal",20,"M_SD_025"
"532",12,"kRegular",0.0476190476190476,3,"Animal",20,"M_SD_025"
"533",13,"kRegular",0.0476190476190476,2,"Animal",20,"M_SD_025"
"534",1,"kRegular",0,5,"Plant",21,"M_SD_025"
"535",2,"kRegular",0,4,"Plant",21,"M_SD_025"
"536",3,"kRegular",0,4,"Plant",21,"M_SD_025"
"537",4,"kRegular",0,4,"Plant",21,"M_SD_025"
"538",5,"kRegular",0,2,"Plant",21,"M_SD_025"
"539",6,"kRegular",0,2,"Plant",21,"M_SD_025"
"540",7,"kRegular",0,1,"Plant",21,"M_SD_025"
"541",8,"kRegular",0,7,"Animal",21,"M_SD_025"
"542",9,"kRegular",0,4,"Animal",21,"M_SD_025"
"543",10,"kRegular",0,3,"Animal",21,"M_SD_025"
"544",11,"kRegular",0,3,"Animal",21,"M_SD_025"
"545",12,"kRegular",0,3,"Animal",21,"M_SD_025"
"546",13,"kRegular",0,2,"Animal",21,"M_SD_025"
"547",1,"smallWorld",0.365079365079365,5,"Plant",1,"M_SD_025"
"548",2,"smallWorld",0.365079365079365,4,"Plant",1,"M_SD_025"
"549",3,"smallWorld",0.365079365079365,4,"Plant",1,"M_SD_025"
"550",4,"smallWorld",0.365079365079365,4,"Plant",1,"M_SD_025"
"551",5,"smallWorld",0.342403628117914,2,"Plant",1,"M_SD_025"
"552",6,"smallWorld",0.346938775510204,2,"Plant",1,"M_SD_025"
"553",7,"smallWorld",0.281179138321995,1,"Plant",1,"M_SD_025"
"554",8,"smallWorld",0.365079365079365,7,"Animal",1,"M_SD_025"
"555",9,"smallWorld",0.365079365079365,4,"Animal",1,"M_SD_025"
"556",10,"smallWorld",0.360544217687075,3,"Animal",1,"M_SD_025"
"557",11,"smallWorld",0.36281179138322,3,"Animal",1,"M_SD_025"
"558",12,"smallWorld",0.36281179138322,3,"Animal",1,"M_SD_025"
"559",13,"smallWorld",0.342403628117914,2,"Animal",1,"M_SD_025"
"560",1,"smallWorld",0.333333333333333,5,"Plant",2,"M_SD_025"
"561",2,"smallWorld",0.333333333333333,4,"Plant",2,"M_SD_025"
"562",3,"smallWorld",0.333333333333333,4,"Plant",2,"M_SD_025"
"563",4,"smallWorld",0.333333333333333,4,"Plant",2,"M_SD_025"
"564",5,"smallWorld",0.315192743764172,2,"Plant",2,"M_SD_025"
"565",6,"smallWorld",0.315192743764172,2,"Plant",2,"M_SD_025"
"566",7,"smallWorld",0.260770975056689,1,"Plant",2,"M_SD_025"
"567",8,"smallWorld",0.335600907029478,7,"Animal",2,"M_SD_025"
"568",9,"smallWorld",0.335600907029478,4,"Animal",2,"M_SD_025"
"569",10,"smallWorld",0.328798185941043,3,"Animal",2,"M_SD_025"
"570",11,"smallWorld",0.328798185941043,3,"Animal",2,"M_SD_025"
"571",12,"smallWorld",0.331065759637188,3,"Animal",2,"M_SD_025"
"572",13,"smallWorld",0.310657596371882,2,"Animal",2,"M_SD_025"
"573",1,"smallWorld",0.308390022675737,5,"Plant",3,"M_SD_025"
"574",2,"smallWorld",0.308390022675737,4,"Plant",3,"M_SD_025"
"575",3,"smallWorld",0.308390022675737,4,"Plant",3,"M_SD_025"
"576",4,"smallWorld",0.308390022675737,4,"Plant",3,"M_SD_025"
"577",5,"smallWorld",0.287981859410431,2,"Plant",3,"M_SD_025"
"578",6,"smallWorld",0.287981859410431,2,"Plant",3,"M_SD_025"
"579",7,"smallWorld",0.240362811791383,1,"Plant",3,"M_SD_025"
"580",8,"smallWorld",0.308390022675737,7,"Animal",3,"M_SD_025"
"581",9,"smallWorld",0.308390022675737,4,"Animal",3,"M_SD_025"
"582",10,"smallWorld",0.301587301587302,3,"Animal",3,"M_SD_025"
"583",11,"smallWorld",0.301587301587302,3,"Animal",3,"M_SD_025"
"584",12,"smallWorld",0.301587301587302,3,"Animal",3,"M_SD_025"
"585",13,"smallWorld",0.281179138321995,2,"Animal",3,"M_SD_025"
"586",1,"smallWorld",0.292517006802721,5,"Plant",4,"M_SD_025"
"587",2,"smallWorld",0.290249433106576,4,"Plant",4,"M_SD_025"
"588",3,"smallWorld",0.287981859410431,4,"Plant",4,"M_SD_025"
"589",4,"smallWorld",0.290249433106576,4,"Plant",4,"M_SD_025"
"590",5,"smallWorld",0.26984126984127,2,"Plant",4,"M_SD_025"
"591",6,"smallWorld",0.272108843537415,2,"Plant",4,"M_SD_025"
"592",7,"smallWorld",0.219954648526077,1,"Plant",4,"M_SD_025"
"593",8,"smallWorld",0.292517006802721,7,"Animal",4,"M_SD_025"
"594",9,"smallWorld",0.290249433106576,4,"Animal",4,"M_SD_025"
"595",10,"smallWorld",0.285714285714286,3,"Animal",4,"M_SD_025"
"596",11,"smallWorld",0.283446712018141,3,"Animal",4,"M_SD_025"
"597",12,"smallWorld",0.281179138321995,3,"Animal",4,"M_SD_025"
"598",13,"smallWorld",0.263038548752834,2,"Animal",4,"M_SD_025"
"599",1,"smallWorld",0.267573696145125,5,"Plant",5,"M_SD_025"
"600",2,"smallWorld",0.263038548752834,4,"Plant",5,"M_SD_025"
"601",3,"smallWorld",0.26530612244898,4,"Plant",5,"M_SD_025"
"602",4,"smallWorld",0.263038548752834,4,"Plant",5,"M_SD_025"
"603",5,"smallWorld",0.242630385487528,2,"Plant",5,"M_SD_025"
"604",6,"smallWorld",0.247165532879819,2,"Plant",5,"M_SD_025"
"605",7,"smallWorld",0.197278911564626,1,"Plant",5,"M_SD_025"
"606",8,"smallWorld",0.267573696145125,7,"Animal",5,"M_SD_025"
"607",9,"smallWorld",0.263038548752834,4,"Animal",5,"M_SD_025"
"608",10,"smallWorld",0.256235827664399,3,"Animal",5,"M_SD_025"
"609",11,"smallWorld",0.256235827664399,3,"Animal",5,"M_SD_025"
"610",12,"smallWorld",0.256235827664399,3,"Animal",5,"M_SD_025"
"611",13,"smallWorld",0.238095238095238,2,"Animal",5,"M_SD_025"
"612",1,"smallWorld",0.242630385487528,5,"Plant",6,"M_SD_025"
"613",2,"smallWorld",0.240362811791383,4,"Plant",6,"M_SD_025"
"614",3,"smallWorld",0.240362811791383,4,"Plant",6,"M_SD_025"
"615",4,"smallWorld",0.238095238095238,4,"Plant",6,"M_SD_025"
"616",5,"smallWorld",0.222222222222222,2,"Plant",6,"M_SD_025"
"617",6,"smallWorld",0.224489795918367,2,"Plant",6,"M_SD_025"
"618",7,"smallWorld",0.183673469387755,1,"Plant",6,"M_SD_025"
"619",8,"smallWorld",0.247165532879819,7,"Animal",6,"M_SD_025"
"620",9,"smallWorld",0.240362811791383,4,"Animal",6,"M_SD_025"
"621",10,"smallWorld",0.233560090702948,3,"Animal",6,"M_SD_025"
"622",11,"smallWorld",0.233560090702948,3,"Animal",6,"M_SD_025"
"623",12,"smallWorld",0.235827664399093,3,"Animal",6,"M_SD_025"
"624",13,"smallWorld",0.222222222222222,2,"Animal",6,"M_SD_025"
"625",1,"smallWorld",0.224489795918367,5,"Plant",7,"M_SD_025"
"626",2,"smallWorld",0.222222222222222,4,"Plant",7,"M_SD_025"
"627",3,"smallWorld",0.222222222222222,4,"Plant",7,"M_SD_025"
"628",4,"smallWorld",0.217687074829932,4,"Plant",7,"M_SD_025"
"629",5,"smallWorld",0.201814058956916,2,"Plant",7,"M_SD_025"
"630",6,"smallWorld",0.204081632653061,2,"Plant",7,"M_SD_025"
"631",7,"smallWorld",0.167800453514739,1,"Plant",7,"M_SD_025"
"632",8,"smallWorld",0.229024943310658,7,"Animal",7,"M_SD_025"
"633",9,"smallWorld",0.219954648526077,4,"Animal",7,"M_SD_025"
"634",10,"smallWorld",0.217687074829932,3,"Animal",7,"M_SD_025"
"635",11,"smallWorld",0.215419501133787,3,"Animal",7,"M_SD_025"
"636",12,"smallWorld",0.215419501133787,3,"Animal",7,"M_SD_025"
"637",13,"smallWorld",0.204081632653061,2,"Animal",7,"M_SD_025"
"638",1,"smallWorld",0.197278911564626,5,"Plant",8,"M_SD_025"
"639",2,"smallWorld",0.195011337868481,4,"Plant",8,"M_SD_025"
"640",3,"smallWorld",0.195011337868481,4,"Plant",8,"M_SD_025"
"641",4,"smallWorld",0.195011337868481,4,"Plant",8,"M_SD_025"
"642",5,"smallWorld",0.18140589569161,2,"Plant",8,"M_SD_025"
"643",6,"smallWorld",0.18140589569161,2,"Plant",8,"M_SD_025"
"644",7,"smallWorld",0.156462585034014,1,"Plant",8,"M_SD_025"
"645",8,"smallWorld",0.206349206349206,7,"Animal",8,"M_SD_025"
"646",9,"smallWorld",0.197278911564626,4,"Animal",8,"M_SD_025"
"647",10,"smallWorld",0.192743764172336,3,"Animal",8,"M_SD_025"
"648",11,"smallWorld",0.19047619047619,3,"Animal",8,"M_SD_025"
"649",12,"smallWorld",0.192743764172336,3,"Animal",8,"M_SD_025"
"650",13,"smallWorld",0.183673469387755,2,"Animal",8,"M_SD_025"
"651",1,"smallWorld",0.183673469387755,5,"Plant",9,"M_SD_025"
"652",2,"smallWorld",0.18140589569161,4,"Plant",9,"M_SD_025"
"653",3,"smallWorld",0.18140589569161,4,"Plant",9,"M_SD_025"
"654",4,"smallWorld",0.18140589569161,4,"Plant",9,"M_SD_025"
"655",5,"smallWorld",0.167800453514739,2,"Plant",9,"M_SD_025"
"656",6,"smallWorld",0.170068027210884,2,"Plant",9,"M_SD_025"
"657",7,"smallWorld",0.140589569160998,1,"Plant",9,"M_SD_025"
"658",8,"smallWorld",0.19047619047619,7,"Animal",9,"M_SD_025"
"659",9,"smallWorld",0.18140589569161,4,"Animal",9,"M_SD_025"
"660",10,"smallWorld",0.17687074829932,3,"Animal",9,"M_SD_025"
"661",11,"smallWorld",0.17687074829932,3,"Animal",9,"M_SD_025"
"662",12,"smallWorld",0.17687074829932,3,"Animal",9,"M_SD_025"
"663",13,"smallWorld",0.165532879818594,2,"Animal",9,"M_SD_025"
"664",1,"smallWorld",0.170068027210884,5,"Plant",10,"M_SD_025"
"665",2,"smallWorld",0.165532879818594,4,"Plant",10,"M_SD_025"
"666",3,"smallWorld",0.165532879818594,4,"Plant",10,"M_SD_025"
"667",4,"smallWorld",0.165532879818594,4,"Plant",10,"M_SD_025"
"668",5,"smallWorld",0.154195011337868,2,"Plant",10,"M_SD_025"
"669",6,"smallWorld",0.156462585034014,2,"Plant",10,"M_SD_025"
"670",7,"smallWorld",0.131519274376417,1,"Plant",10,"M_SD_025"
"671",8,"smallWorld",0.174603174603175,7,"Animal",10,"M_SD_025"
"672",9,"smallWorld",0.165532879818594,4,"Animal",10,"M_SD_025"
"673",10,"smallWorld",0.160997732426304,3,"Animal",10,"M_SD_025"
"674",11,"smallWorld",0.158730158730159,3,"Animal",10,"M_SD_025"
"675",12,"smallWorld",0.160997732426304,3,"Animal",10,"M_SD_025"
"676",13,"smallWorld",0.147392290249433,2,"Animal",10,"M_SD_025"
"677",1,"smallWorld",0.156462585034014,5,"Plant",11,"M_SD_025"
"678",2,"smallWorld",0.154195011337868,4,"Plant",11,"M_SD_025"
"679",3,"smallWorld",0.151927437641723,4,"Plant",11,"M_SD_025"
"680",4,"smallWorld",0.156462585034014,4,"Plant",11,"M_SD_025"
"681",5,"smallWorld",0.138321995464853,2,"Plant",11,"M_SD_025"
"682",6,"smallWorld",0.140589569160998,2,"Plant",11,"M_SD_025"
"683",7,"smallWorld",0.117913832199546,1,"Plant",11,"M_SD_025"
"684",8,"smallWorld",0.160997732426304,7,"Animal",11,"M_SD_025"
"685",9,"smallWorld",0.151927437641723,4,"Animal",11,"M_SD_025"
"686",10,"smallWorld",0.142857142857143,3,"Animal",11,"M_SD_025"
"687",11,"smallWorld",0.142857142857143,3,"Animal",11,"M_SD_025"
"688",12,"smallWorld",0.145124716553288,3,"Animal",11,"M_SD_025"
"689",13,"smallWorld",0.133786848072562,2,"Animal",11,"M_SD_025"
"690",1,"smallWorld",0.140589569160998,5,"Plant",12,"M_SD_025"
"691",2,"smallWorld",0.136054421768707,4,"Plant",12,"M_SD_025"
"692",3,"smallWorld",0.136054421768707,4,"Plant",12,"M_SD_025"
"693",4,"smallWorld",0.136054421768707,4,"Plant",12,"M_SD_025"
"694",5,"smallWorld",0.124716553287982,2,"Plant",12,"M_SD_025"
"695",6,"smallWorld",0.124716553287982,2,"Plant",12,"M_SD_025"
"696",7,"smallWorld",0.106575963718821,1,"Plant",12,"M_SD_025"
"697",8,"smallWorld",0.142857142857143,7,"Animal",12,"M_SD_025"
"698",9,"smallWorld",0.136054421768707,4,"Animal",12,"M_SD_025"
"699",10,"smallWorld",0.133786848072562,3,"Animal",12,"M_SD_025"
"700",11,"smallWorld",0.133786848072562,3,"Animal",12,"M_SD_025"
"701",12,"smallWorld",0.133786848072562,3,"Animal",12,"M_SD_025"
"702",13,"smallWorld",0.126984126984127,2,"Animal",12,"M_SD_025"
"703",1,"smallWorld",0.126984126984127,5,"Plant",13,"M_SD_025"
"704",2,"smallWorld",0.124716553287982,4,"Plant",13,"M_SD_025"
"705",3,"smallWorld",0.124716553287982,4,"Plant",13,"M_SD_025"
"706",4,"smallWorld",0.126984126984127,4,"Plant",13,"M_SD_025"
"707",5,"smallWorld",0.113378684807256,2,"Plant",13,"M_SD_025"
"708",6,"smallWorld",0.115646258503401,2,"Plant",13,"M_SD_025"
"709",7,"smallWorld",0.0975056689342404,1,"Plant",13,"M_SD_025"
"710",8,"smallWorld",0.131519274376417,7,"Animal",13,"M_SD_025"
"711",9,"smallWorld",0.124716553287982,4,"Animal",13,"M_SD_025"
"712",10,"smallWorld",0.120181405895692,3,"Animal",13,"M_SD_025"
"713",11,"smallWorld",0.124716553287982,3,"Animal",13,"M_SD_025"
"714",12,"smallWorld",0.120181405895692,3,"Animal",13,"M_SD_025"
"715",13,"smallWorld",0.113378684807256,2,"Animal",13,"M_SD_025"
"716",1,"smallWorld",0.108843537414966,5,"Plant",14,"M_SD_025"
"717",2,"smallWorld",0.108843537414966,4,"Plant",14,"M_SD_025"
"718",3,"smallWorld",0.108843537414966,4,"Plant",14,"M_SD_025"
"719",4,"smallWorld",0.111111111111111,4,"Plant",14,"M_SD_025"
"720",5,"smallWorld",0.0975056689342404,2,"Plant",14,"M_SD_025"
"721",6,"smallWorld",0.0997732426303855,2,"Plant",14,"M_SD_025"
"722",7,"smallWorld",0.0839002267573696,1,"Plant",14,"M_SD_025"
"723",8,"smallWorld",0.111111111111111,7,"Animal",14,"M_SD_025"
"724",9,"smallWorld",0.108843537414966,4,"Animal",14,"M_SD_025"
"725",10,"smallWorld",0.104308390022676,3,"Animal",14,"M_SD_025"
"726",11,"smallWorld",0.102040816326531,3,"Animal",14,"M_SD_025"
"727",12,"smallWorld",0.102040816326531,3,"Animal",14,"M_SD_025"
"728",13,"smallWorld",0.0975056689342404,2,"Animal",14,"M_SD_025"
"729",1,"smallWorld",0.0975056689342404,5,"Plant",15,"M_SD_025"
"730",2,"smallWorld",0.0929705215419501,4,"Plant",15,"M_SD_025"
"731",3,"smallWorld",0.090702947845805,4,"Plant",15,"M_SD_025"
"732",4,"smallWorld",0.090702947845805,4,"Plant",15,"M_SD_025"
"733",5,"smallWorld",0.0839002267573696,2,"Plant",15,"M_SD_025"
"734",6,"smallWorld",0.0861678004535147,2,"Plant",15,"M_SD_025"
"735",7,"smallWorld",0.0702947845804989,1,"Plant",15,"M_SD_025"
"736",8,"smallWorld",0.0975056689342404,7,"Animal",15,"M_SD_025"
"737",9,"smallWorld",0.0975056689342404,4,"Animal",15,"M_SD_025"
"738",10,"smallWorld",0.090702947845805,3,"Animal",15,"M_SD_025"
"739",11,"smallWorld",0.0929705215419501,3,"Animal",15,"M_SD_025"
"740",12,"smallWorld",0.0929705215419501,3,"Animal",15,"M_SD_025"
"741",13,"smallWorld",0.0884353741496599,2,"Animal",15,"M_SD_025"
"742",1,"smallWorld",0.0861678004535147,5,"Plant",16,"M_SD_025"
"743",2,"smallWorld",0.0839002267573696,4,"Plant",16,"M_SD_025"
"744",3,"smallWorld",0.0816326530612245,4,"Plant",16,"M_SD_025"
"745",4,"smallWorld",0.0816326530612245,4,"Plant",16,"M_SD_025"
"746",5,"smallWorld",0.072562358276644,2,"Plant",16,"M_SD_025"
"747",6,"smallWorld",0.072562358276644,2,"Plant",16,"M_SD_025"
"748",7,"smallWorld",0.0680272108843537,1,"Plant",16,"M_SD_025"
"749",8,"smallWorld",0.0884353741496599,7,"Animal",16,"M_SD_025"
"750",9,"smallWorld",0.0884353741496599,4,"Animal",16,"M_SD_025"
"751",10,"smallWorld",0.0839002267573696,3,"Animal",16,"M_SD_025"
"752",11,"smallWorld",0.0861678004535147,3,"Animal",16,"M_SD_025"
"753",12,"smallWorld",0.0861678004535147,3,"Animal",16,"M_SD_025"
"754",13,"smallWorld",0.0748299319727891,2,"Animal",16,"M_SD_025"
"755",1,"smallWorld",0.0702947845804989,5,"Plant",17,"M_SD_025"
"756",2,"smallWorld",0.0680272108843537,4,"Plant",17,"M_SD_025"
"757",3,"smallWorld",0.0702947845804989,4,"Plant",17,"M_SD_025"
"758",4,"smallWorld",0.0702947845804989,4,"Plant",17,"M_SD_025"
"759",5,"smallWorld",0.0657596371882086,2,"Plant",17,"M_SD_025"
"760",6,"smallWorld",0.0680272108843537,2,"Plant",17,"M_SD_025"
"761",7,"smallWorld",0.0612244897959184,1,"Plant",17,"M_SD_025"
"762",8,"smallWorld",0.0748299319727891,7,"Animal",17,"M_SD_025"
"763",9,"smallWorld",0.0702947845804989,4,"Animal",17,"M_SD_025"
"764",10,"smallWorld",0.0702947845804989,3,"Animal",17,"M_SD_025"
"765",11,"smallWorld",0.0702947845804989,3,"Animal",17,"M_SD_025"
"766",12,"smallWorld",0.0680272108843537,3,"Animal",17,"M_SD_025"
"767",13,"smallWorld",0.0657596371882086,2,"Animal",17,"M_SD_025"
"768",1,"smallWorld",0.0634920634920635,5,"Plant",18,"M_SD_025"
"769",2,"smallWorld",0.0634920634920635,4,"Plant",18,"M_SD_025"
"770",3,"smallWorld",0.0612244897959184,4,"Plant",18,"M_SD_025"
"771",4,"smallWorld",0.0612244897959184,4,"Plant",18,"M_SD_025"
"772",5,"smallWorld",0.0589569160997732,2,"Plant",18,"M_SD_025"
"773",6,"smallWorld",0.0612244897959184,2,"Plant",18,"M_SD_025"
"774",7,"smallWorld",0.054421768707483,1,"Plant",18,"M_SD_025"
"775",8,"smallWorld",0.0657596371882086,7,"Animal",18,"M_SD_025"
"776",9,"smallWorld",0.0612244897959184,4,"Animal",18,"M_SD_025"
"777",10,"smallWorld",0.0589569160997732,3,"Animal",18,"M_SD_025"
"778",11,"smallWorld",0.0589569160997732,3,"Animal",18,"M_SD_025"
"779",12,"smallWorld",0.0612244897959184,3,"Animal",18,"M_SD_025"
"780",13,"smallWorld",0.0589569160997732,2,"Animal",18,"M_SD_025"
"781",1,"smallWorld",0.0498866213151927,5,"Plant",19,"M_SD_025"
"782",2,"smallWorld",0.0521541950113379,4,"Plant",19,"M_SD_025"
"783",3,"smallWorld",0.0521541950113379,4,"Plant",19,"M_SD_025"
"784",4,"smallWorld",0.0521541950113379,4,"Plant",19,"M_SD_025"
"785",5,"smallWorld",0.0498866213151927,2,"Plant",19,"M_SD_025"
"786",6,"smallWorld",0.0521541950113379,2,"Plant",19,"M_SD_025"
"787",7,"smallWorld",0.0498866213151927,1,"Plant",19,"M_SD_025"
"788",8,"smallWorld",0.054421768707483,7,"Animal",19,"M_SD_025"
"789",9,"smallWorld",0.0521541950113379,4,"Animal",19,"M_SD_025"
"790",10,"smallWorld",0.0498866213151927,3,"Animal",19,"M_SD_025"
"791",11,"smallWorld",0.0521541950113379,3,"Animal",19,"M_SD_025"
"792",12,"smallWorld",0.0521541950113379,3,"Animal",19,"M_SD_025"
"793",13,"smallWorld",0.0498866213151927,2,"Animal",19,"M_SD_025"
"794",1,"smallWorld",0.0498866213151927,5,"Plant",20,"M_SD_025"
"795",2,"smallWorld",0.0476190476190476,4,"Plant",20,"M_SD_025"
"796",3,"smallWorld",0.0498866213151927,4,"Plant",20,"M_SD_025"
"797",4,"smallWorld",0.0498866213151927,4,"Plant",20,"M_SD_025"
"798",5,"smallWorld",0.0476190476190476,2,"Plant",20,"M_SD_025"
"799",6,"smallWorld",0.0498866213151927,2,"Plant",20,"M_SD_025"
"800",7,"smallWorld",0.0476190476190476,1,"Plant",20,"M_SD_025"
"801",8,"smallWorld",0.0498866213151927,7,"Animal",20,"M_SD_025"
"802",9,"smallWorld",0.0476190476190476,4,"Animal",20,"M_SD_025"
"803",10,"smallWorld",0.0498866213151927,3,"Animal",20,"M_SD_025"
"804",11,"smallWorld",0.0476190476190476,3,"Animal",20,"M_SD_025"
"805",12,"smallWorld",0.0476190476190476,3,"Animal",20,"M_SD_025"
"806",13,"smallWorld",0.0476190476190476,2,"Animal",20,"M_SD_025"
"807",1,"smallWorld",0,5,"Plant",21,"M_SD_025"
"808",2,"smallWorld",0,4,"Plant",21,"M_SD_025"
"809",3,"smallWorld",0,4,"Plant",21,"M_SD_025"
"810",4,"smallWorld",0,4,"Plant",21,"M_SD_025"
"811",5,"smallWorld",0,2,"Plant",21,"M_SD_025"
"812",6,"smallWorld",0,2,"Plant",21,"M_SD_025"
"813",7,"smallWorld",0,1,"Plant",21,"M_SD_025"
"814",8,"smallWorld",0,7,"Animal",21,"M_SD_025"
"815",9,"smallWorld",0,4,"Animal",21,"M_SD_025"
"816",10,"smallWorld",0,3,"Animal",21,"M_SD_025"
"817",11,"smallWorld",0,3,"Animal",21,"M_SD_025"
"818",12,"smallWorld",0,3,"Animal",21,"M_SD_025"
"819",13,"smallWorld",0,2,"Animal",21,"M_SD_025"
"820",1,"random",0.467120181405896,5,"Plant",1,"M_SD_025"
"821",2,"random",0.467120181405896,4,"Plant",1,"M_SD_025"
"822",3,"random",0.467120181405896,4,"Plant",1,"M_SD_025"
"823",4,"random",0.467120181405896,4,"Plant",1,"M_SD_025"
"824",5,"random",0.458049886621315,2,"Plant",1,"M_SD_025"
"825",6,"random",0.46031746031746,2,"Plant",1,"M_SD_025"
"826",7,"random",0.378684807256236,1,"Plant",1,"M_SD_025"
"827",8,"random",0.467120181405896,7,"Animal",1,"M_SD_025"
"828",9,"random",0.467120181405896,4,"Animal",1,"M_SD_025"
"829",10,"random",0.467120181405896,3,"Animal",1,"M_SD_025"
"830",11,"random",0.467120181405896,3,"Animal",1,"M_SD_025"
"831",12,"random",0.467120181405896,3,"Animal",1,"M_SD_025"
"832",13,"random",0.453514739229025,2,"Animal",1,"M_SD_025"
"833",1,"random",0.442176870748299,5,"Plant",2,"M_SD_025"
"834",2,"random",0.442176870748299,4,"Plant",2,"M_SD_025"
"835",3,"random",0.442176870748299,4,"Plant",2,"M_SD_025"
"836",4,"random",0.442176870748299,4,"Plant",2,"M_SD_025"
"837",5,"random",0.426303854875283,2,"Plant",2,"M_SD_025"
"838",6,"random",0.426303854875283,2,"Plant",2,"M_SD_025"
"839",7,"random",0.346938775510204,1,"Plant",2,"M_SD_025"
"840",8,"random",0.442176870748299,7,"Animal",2,"M_SD_025"
"841",9,"random",0.442176870748299,4,"Animal",2,"M_SD_025"
"842",10,"random",0.442176870748299,3,"Animal",2,"M_SD_025"
"843",11,"random",0.442176870748299,3,"Animal",2,"M_SD_025"
"844",12,"random",0.442176870748299,3,"Animal",2,"M_SD_025"
"845",13,"random",0.426303854875283,2,"Animal",2,"M_SD_025"
"846",1,"random",0.412698412698413,5,"Plant",3,"M_SD_025"
"847",2,"random",0.412698412698413,4,"Plant",3,"M_SD_025"
"848",3,"random",0.412698412698413,4,"Plant",3,"M_SD_025"
"849",4,"random",0.412698412698413,4,"Plant",3,"M_SD_025"
"850",5,"random",0.399092970521542,2,"Plant",3,"M_SD_025"
"851",6,"random",0.396825396825397,2,"Plant",3,"M_SD_025"
"852",7,"random",0.321995464852608,1,"Plant",3,"M_SD_025"
"853",8,"random",0.412698412698413,7,"Animal",3,"M_SD_025"
"854",9,"random",0.412698412698413,4,"Animal",3,"M_SD_025"
"855",10,"random",0.412698412698413,3,"Animal",3,"M_SD_025"
"856",11,"random",0.412698412698413,3,"Animal",3,"M_SD_025"
"857",12,"random",0.412698412698413,3,"Animal",3,"M_SD_025"
"858",13,"random",0.390022675736961,2,"Animal",3,"M_SD_025"
"859",1,"random",0.380952380952381,5,"Plant",4,"M_SD_025"
"860",2,"random",0.380952380952381,4,"Plant",4,"M_SD_025"
"861",3,"random",0.380952380952381,4,"Plant",4,"M_SD_025"
"862",4,"random",0.380952380952381,4,"Plant",4,"M_SD_025"
"863",5,"random",0.36734693877551,2,"Plant",4,"M_SD_025"
"864",6,"random",0.36734693877551,2,"Plant",4,"M_SD_025"
"865",7,"random",0.301587301587302,1,"Plant",4,"M_SD_025"
"866",8,"random",0.380952380952381,7,"Animal",4,"M_SD_025"
"867",9,"random",0.380952380952381,4,"Animal",4,"M_SD_025"
"868",10,"random",0.376417233560091,3,"Animal",4,"M_SD_025"
"869",11,"random",0.378684807256236,3,"Animal",4,"M_SD_025"
"870",12,"random",0.376417233560091,3,"Animal",4,"M_SD_025"
"871",13,"random",0.351473922902494,2,"Animal",4,"M_SD_025"
"872",1,"random",0.344671201814059,5,"Plant",5,"M_SD_025"
"873",2,"random",0.344671201814059,4,"Plant",5,"M_SD_025"
"874",3,"random",0.344671201814059,4,"Plant",5,"M_SD_025"
"875",4,"random",0.344671201814059,4,"Plant",5,"M_SD_025"
"876",5,"random",0.326530612244898,2,"Plant",5,"M_SD_025"
"877",6,"random",0.326530612244898,2,"Plant",5,"M_SD_025"
"878",7,"random",0.26984126984127,1,"Plant",5,"M_SD_025"
"879",8,"random",0.344671201814059,7,"Animal",5,"M_SD_025"
"880",9,"random",0.344671201814059,4,"Animal",5,"M_SD_025"
"881",10,"random",0.342403628117914,3,"Animal",5,"M_SD_025"
"882",11,"random",0.342403628117914,3,"Animal",5,"M_SD_025"
"883",12,"random",0.342403628117914,3,"Animal",5,"M_SD_025"
"884",13,"random",0.321995464852608,2,"Animal",5,"M_SD_025"
"885",1,"random",0.319727891156463,5,"Plant",6,"M_SD_025"
"886",2,"random",0.319727891156463,4,"Plant",6,"M_SD_025"
"887",3,"random",0.319727891156463,4,"Plant",6,"M_SD_025"
"888",4,"random",0.319727891156463,4,"Plant",6,"M_SD_025"
"889",5,"random",0.299319727891156,2,"Plant",6,"M_SD_025"
"890",6,"random",0.299319727891156,2,"Plant",6,"M_SD_025"
"891",7,"random",0.242630385487528,1,"Plant",6,"M_SD_025"
"892",8,"random",0.319727891156463,7,"Animal",6,"M_SD_025"
"893",9,"random",0.319727891156463,4,"Animal",6,"M_SD_025"
"894",10,"random",0.310657596371882,3,"Animal",6,"M_SD_025"
"895",11,"random",0.315192743764172,3,"Animal",6,"M_SD_025"
"896",12,"random",0.315192743764172,3,"Animal",6,"M_SD_025"
"897",13,"random",0.294784580498866,2,"Animal",6,"M_SD_025"
"898",1,"random",0.292517006802721,5,"Plant",7,"M_SD_025"
"899",2,"random",0.290249433106576,4,"Plant",7,"M_SD_025"
"900",3,"random",0.292517006802721,4,"Plant",7,"M_SD_025"
"901",4,"random",0.292517006802721,4,"Plant",7,"M_SD_025"
"902",5,"random",0.26984126984127,2,"Plant",7,"M_SD_025"
"903",6,"random",0.26984126984127,2,"Plant",7,"M_SD_025"
"904",7,"random",0.224489795918367,1,"Plant",7,"M_SD_025"
"905",8,"random",0.292517006802721,7,"Animal",7,"M_SD_025"
"906",9,"random",0.290249433106576,4,"Animal",7,"M_SD_025"
"907",10,"random",0.283446712018141,3,"Animal",7,"M_SD_025"
"908",11,"random",0.287981859410431,3,"Animal",7,"M_SD_025"
"909",12,"random",0.285714285714286,3,"Animal",7,"M_SD_025"
"910",13,"random",0.26530612244898,2,"Animal",7,"M_SD_025"
"911",1,"random",0.26984126984127,5,"Plant",8,"M_SD_025"
"912",2,"random",0.26530612244898,4,"Plant",8,"M_SD_025"
"913",3,"random",0.26530612244898,4,"Plant",8,"M_SD_025"
"914",4,"random",0.26530612244898,4,"Plant",8,"M_SD_025"
"915",5,"random",0.244897959183673,2,"Plant",8,"M_SD_025"
"916",6,"random",0.244897959183673,2,"Plant",8,"M_SD_025"
"917",7,"random",0.199546485260771,1,"Plant",8,"M_SD_025"
"918",8,"random",0.26984126984127,7,"Animal",8,"M_SD_025"
"919",9,"random",0.26530612244898,4,"Animal",8,"M_SD_025"
"920",10,"random",0.253968253968254,3,"Animal",8,"M_SD_025"
"921",11,"random",0.253968253968254,3,"Animal",8,"M_SD_025"
"922",12,"random",0.256235827664399,3,"Animal",8,"M_SD_025"
"923",13,"random",0.238095238095238,2,"Animal",8,"M_SD_025"
"924",1,"random",0.238095238095238,5,"Plant",9,"M_SD_025"
"925",2,"random",0.235827664399093,4,"Plant",9,"M_SD_025"
"926",3,"random",0.235827664399093,4,"Plant",9,"M_SD_025"
"927",4,"random",0.233560090702948,4,"Plant",9,"M_SD_025"
"928",5,"random",0.217687074829932,2,"Plant",9,"M_SD_025"
"929",6,"random",0.215419501133787,2,"Plant",9,"M_SD_025"
"930",7,"random",0.17687074829932,1,"Plant",9,"M_SD_025"
"931",8,"random",0.242630385487528,7,"Animal",9,"M_SD_025"
"932",9,"random",0.233560090702948,4,"Animal",9,"M_SD_025"
"933",10,"random",0.229024943310658,3,"Animal",9,"M_SD_025"
"934",11,"random",0.231292517006803,3,"Animal",9,"M_SD_025"
"935",12,"random",0.229024943310658,3,"Animal",9,"M_SD_025"
"936",13,"random",0.215419501133787,2,"Animal",9,"M_SD_025"
"937",1,"random",0.217687074829932,5,"Plant",10,"M_SD_025"
"938",2,"random",0.213151927437642,4,"Plant",10,"M_SD_025"
"939",3,"random",0.215419501133787,4,"Plant",10,"M_SD_025"
"940",4,"random",0.213151927437642,4,"Plant",10,"M_SD_025"
"941",5,"random",0.195011337868481,2,"Plant",10,"M_SD_025"
"942",6,"random",0.197278911564626,2,"Plant",10,"M_SD_025"
"943",7,"random",0.160997732426304,1,"Plant",10,"M_SD_025"
"944",8,"random",0.224489795918367,7,"Animal",10,"M_SD_025"
"945",9,"random",0.215419501133787,4,"Animal",10,"M_SD_025"
"946",10,"random",0.208616780045351,3,"Animal",10,"M_SD_025"
"947",11,"random",0.208616780045351,3,"Animal",10,"M_SD_025"
"948",12,"random",0.208616780045351,3,"Animal",10,"M_SD_025"
"949",13,"random",0.19047619047619,2,"Animal",10,"M_SD_025"
"950",1,"random",0.192743764172336,5,"Plant",11,"M_SD_025"
"951",2,"random",0.188208616780045,4,"Plant",11,"M_SD_025"
"952",3,"random",0.188208616780045,4,"Plant",11,"M_SD_025"
"953",4,"random",0.1859410430839,4,"Plant",11,"M_SD_025"
"954",5,"random",0.170068027210884,2,"Plant",11,"M_SD_025"
"955",6,"random",0.170068027210884,2,"Plant",11,"M_SD_025"
"956",7,"random",0.142857142857143,1,"Plant",11,"M_SD_025"
"957",8,"random",0.195011337868481,7,"Animal",11,"M_SD_025"
"958",9,"random",0.1859410430839,4,"Animal",11,"M_SD_025"
"959",10,"random",0.18140589569161,3,"Animal",11,"M_SD_025"
"960",11,"random",0.18140589569161,3,"Animal",11,"M_SD_025"
"961",12,"random",0.18140589569161,3,"Animal",11,"M_SD_025"
"962",13,"random",0.172335600907029,2,"Animal",11,"M_SD_025"
"963",1,"random",0.170068027210884,5,"Plant",12,"M_SD_025"
"964",2,"random",0.165532879818594,4,"Plant",12,"M_SD_025"
"965",3,"random",0.167800453514739,4,"Plant",12,"M_SD_025"
"966",4,"random",0.165532879818594,4,"Plant",12,"M_SD_025"
"967",5,"random",0.151927437641723,2,"Plant",12,"M_SD_025"
"968",6,"random",0.156462585034014,2,"Plant",12,"M_SD_025"
"969",7,"random",0.126984126984127,1,"Plant",12,"M_SD_025"
"970",8,"random",0.174603174603175,7,"Animal",12,"M_SD_025"
"971",9,"random",0.163265306122449,4,"Animal",12,"M_SD_025"
"972",10,"random",0.160997732426304,3,"Animal",12,"M_SD_025"
"973",11,"random",0.158730158730159,3,"Animal",12,"M_SD_025"
"974",12,"random",0.160997732426304,3,"Animal",12,"M_SD_025"
"975",13,"random",0.151927437641723,2,"Animal",12,"M_SD_025"
"976",1,"random",0.154195011337868,5,"Plant",13,"M_SD_025"
"977",2,"random",0.151927437641723,4,"Plant",13,"M_SD_025"
"978",3,"random",0.154195011337868,4,"Plant",13,"M_SD_025"
"979",4,"random",0.151927437641723,4,"Plant",13,"M_SD_025"
"980",5,"random",0.140589569160998,2,"Plant",13,"M_SD_025"
"981",6,"random",0.145124716553288,2,"Plant",13,"M_SD_025"
"982",7,"random",0.115646258503401,1,"Plant",13,"M_SD_025"
"983",8,"random",0.160997732426304,7,"Animal",13,"M_SD_025"
"984",9,"random",0.154195011337868,4,"Animal",13,"M_SD_025"
"985",10,"random",0.147392290249433,3,"Animal",13,"M_SD_025"
"986",11,"random",0.147392290249433,3,"Animal",13,"M_SD_025"
"987",12,"random",0.149659863945578,3,"Animal",13,"M_SD_025"
"988",13,"random",0.136054421768707,2,"Animal",13,"M_SD_025"
"989",1,"random",0.126984126984127,5,"Plant",14,"M_SD_025"
"990",2,"random",0.126984126984127,4,"Plant",14,"M_SD_025"
"991",3,"random",0.126984126984127,4,"Plant",14,"M_SD_025"
"992",4,"random",0.126984126984127,4,"Plant",14,"M_SD_025"
"993",5,"random",0.115646258503401,2,"Plant",14,"M_SD_025"
"994",6,"random",0.117913832199546,2,"Plant",14,"M_SD_025"
"995",7,"random",0.0975056689342404,1,"Plant",14,"M_SD_025"
"996",8,"random",0.131519274376417,7,"Animal",14,"M_SD_025"
"997",9,"random",0.126984126984127,4,"Animal",14,"M_SD_025"
"998",10,"random",0.122448979591837,3,"Animal",14,"M_SD_025"
"999",11,"random",0.122448979591837,3,"Animal",14,"M_SD_025"
"1000",12,"random",0.122448979591837,3,"Animal",14,"M_SD_025"
"1001",13,"random",0.115646258503401,2,"Animal",14,"M_SD_025"
"1002",1,"random",0.115646258503401,5,"Plant",15,"M_SD_025"
"1003",2,"random",0.115646258503401,4,"Plant",15,"M_SD_025"
"1004",3,"random",0.115646258503401,4,"Plant",15,"M_SD_025"
"1005",4,"random",0.111111111111111,4,"Plant",15,"M_SD_025"
"1006",5,"random",0.0997732426303855,2,"Plant",15,"M_SD_025"
"1007",6,"random",0.102040816326531,2,"Plant",15,"M_SD_025"
"1008",7,"random",0.0816326530612245,1,"Plant",15,"M_SD_025"
"1009",8,"random",0.117913832199546,7,"Animal",15,"M_SD_025"
"1010",9,"random",0.115646258503401,4,"Animal",15,"M_SD_025"
"1011",10,"random",0.108843537414966,3,"Animal",15,"M_SD_025"
"1012",11,"random",0.113378684807256,3,"Animal",15,"M_SD_025"
"1013",12,"random",0.113378684807256,3,"Animal",15,"M_SD_025"
"1014",13,"random",0.0975056689342404,2,"Animal",15,"M_SD_025"
"1015",1,"random",0.0997732426303855,5,"Plant",16,"M_SD_025"
"1016",2,"random",0.0997732426303855,4,"Plant",16,"M_SD_025"
"1017",3,"random",0.0975056689342404,4,"Plant",16,"M_SD_025"
"1018",4,"random",0.0997732426303855,4,"Plant",16,"M_SD_025"
"1019",5,"random",0.0861678004535147,2,"Plant",16,"M_SD_025"
"1020",6,"random",0.0929705215419501,2,"Plant",16,"M_SD_025"
"1021",7,"random",0.0770975056689342,1,"Plant",16,"M_SD_025"
"1022",8,"random",0.104308390022676,7,"Animal",16,"M_SD_025"
"1023",9,"random",0.0952380952380952,4,"Animal",16,"M_SD_025"
"1024",10,"random",0.090702947845805,3,"Animal",16,"M_SD_025"
"1025",11,"random",0.0975056689342404,3,"Animal",16,"M_SD_025"
"1026",12,"random",0.0929705215419501,3,"Animal",16,"M_SD_025"
"1027",13,"random",0.0861678004535147,2,"Animal",16,"M_SD_025"
"1028",1,"random",0.0839002267573696,5,"Plant",17,"M_SD_025"
"1029",2,"random",0.0793650793650794,4,"Plant",17,"M_SD_025"
"1030",3,"random",0.0839002267573696,4,"Plant",17,"M_SD_025"
"1031",4,"random",0.0770975056689342,4,"Plant",17,"M_SD_025"
"1032",5,"random",0.0748299319727891,2,"Plant",17,"M_SD_025"
"1033",6,"random",0.0748299319727891,2,"Plant",17,"M_SD_025"
"1034",7,"random",0.0657596371882086,1,"Plant",17,"M_SD_025"
"1035",8,"random",0.0839002267573696,7,"Animal",17,"M_SD_025"
"1036",9,"random",0.0793650793650794,4,"Animal",17,"M_SD_025"
"1037",10,"random",0.0793650793650794,3,"Animal",17,"M_SD_025"
"1038",11,"random",0.0702947845804989,3,"Animal",17,"M_SD_025"
"1039",12,"random",0.0770975056689342,3,"Animal",17,"M_SD_025"
"1040",13,"random",0.0702947845804989,2,"Animal",17,"M_SD_025"
"1041",1,"random",0.0657596371882086,5,"Plant",18,"M_SD_025"
"1042",2,"random",0.0612244897959184,4,"Plant",18,"M_SD_025"
"1043",3,"random",0.0634920634920635,4,"Plant",18,"M_SD_025"
"1044",4,"random",0.0634920634920635,4,"Plant",18,"M_SD_025"
"1045",5,"random",0.0589569160997732,2,"Plant",18,"M_SD_025"
"1046",6,"random",0.0589569160997732,2,"Plant",18,"M_SD_025"
"1047",7,"random",0.0566893424036281,1,"Plant",18,"M_SD_025"
"1048",8,"random",0.0634920634920635,7,"Animal",18,"M_SD_025"
"1049",9,"random",0.0657596371882086,4,"Animal",18,"M_SD_025"
"1050",10,"random",0.0589569160997732,3,"Animal",18,"M_SD_025"
"1051",11,"random",0.0589569160997732,3,"Animal",18,"M_SD_025"
"1052",12,"random",0.0612244897959184,3,"Animal",18,"M_SD_025"
"1053",13,"random",0.0566893424036281,2,"Animal",18,"M_SD_025"
"1054",1,"random",0.054421768707483,5,"Plant",19,"M_SD_025"
"1055",2,"random",0.054421768707483,4,"Plant",19,"M_SD_025"
"1056",3,"random",0.0566893424036281,4,"Plant",19,"M_SD_025"
"1057",4,"random",0.054421768707483,4,"Plant",19,"M_SD_025"
"1058",5,"random",0.0521541950113379,2,"Plant",19,"M_SD_025"
"1059",6,"random",0.054421768707483,2,"Plant",19,"M_SD_025"
"1060",7,"random",0.0498866213151927,1,"Plant",19,"M_SD_025"
"1061",8,"random",0.0566893424036281,7,"Animal",19,"M_SD_025"
"1062",9,"random",0.0589569160997732,4,"Animal",19,"M_SD_025"
"1063",10,"random",0.054421768707483,3,"Animal",19,"M_SD_025"
"1064",11,"random",0.0566893424036281,3,"Animal",19,"M_SD_025"
"1065",12,"random",0.0521541950113379,3,"Animal",19,"M_SD_025"
"1066",13,"random",0.0521541950113379,2,"Animal",19,"M_SD_025"
"1067",1,"random",0.0476190476190476,5,"Plant",20,"M_SD_025"
"1068",2,"random",0.0476190476190476,4,"Plant",20,"M_SD_025"
"1069",3,"random",0.0476190476190476,4,"Plant",20,"M_SD_025"
"1070",4,"random",0.0476190476190476,4,"Plant",20,"M_SD_025"
"1071",5,"random",0.0476190476190476,2,"Plant",20,"M_SD_025"
"1072",6,"random",0.0476190476190476,2,"Plant",20,"M_SD_025"
"1073",7,"random",0.0476190476190476,1,"Plant",20,"M_SD_025"
"1074",8,"random",0.0498866213151927,7,"Animal",20,"M_SD_025"
"1075",9,"random",0.0476190476190476,4,"Animal",20,"M_SD_025"
"1076",10,"random",0.0476190476190476,3,"Animal",20,"M_SD_025"
"1077",11,"random",0.0498866213151927,3,"Animal",20,"M_SD_025"
"1078",12,"random",0.0498866213151927,3,"Animal",20,"M_SD_025"
"1079",13,"random",0.0476190476190476,2,"Animal",20,"M_SD_025"
"1080",1,"random",0,5,"Plant",21,"M_SD_025"
"1081",2,"random",0,4,"Plant",21,"M_SD_025"
"1082",3,"random",0,4,"Plant",21,"M_SD_025"
"1083",4,"random",0,4,"Plant",21,"M_SD_025"
"1084",5,"random",0,2,"Plant",21,"M_SD_025"
"1085",6,"random",0,2,"Plant",21,"M_SD_025"
"1086",7,"random",0,1,"Plant",21,"M_SD_025"
"1087",8,"random",0,7,"Animal",21,"M_SD_025"
"1088",9,"random",0,4,"Animal",21,"M_SD_025"
"1089",10,"random",0,3,"Animal",21,"M_SD_025"
"1090",11,"random",0,3,"Animal",21,"M_SD_025"
"1091",12,"random",0,3,"Animal",21,"M_SD_025"
"1092",13,"random",0,2,"Animal",21,"M_SD_025"
"1093",1,"scalefree",1,5,"Plant",1,"M_SD_025"
"1094",2,"scalefree",1,4,"Plant",1,"M_SD_025"
"1095",3,"scalefree",1,4,"Plant",1,"M_SD_025"
"1096",4,"scalefree",1,4,"Plant",1,"M_SD_025"
"1097",5,"scalefree",1,2,"Plant",1,"M_SD_025"
"1098",6,"scalefree",1,2,"Plant",1,"M_SD_025"
"1099",7,"scalefree",0.977324263038549,1,"Plant",1,"M_SD_025"
"1100",8,"scalefree",1,7,"Animal",1,"M_SD_025"
"1101",9,"scalefree",1,4,"Animal",1,"M_SD_025"
"1102",10,"scalefree",1,3,"Animal",1,"M_SD_025"
"1103",11,"scalefree",1,3,"Animal",1,"M_SD_025"
"1104",12,"scalefree",1,3,"Animal",1,"M_SD_025"
"1105",13,"scalefree",1,2,"Animal",1,"M_SD_025"
"1106",1,"scalefree",0.997732426303855,5,"Plant",2,"M_SD_025"
"1107",2,"scalefree",0.997732426303855,4,"Plant",2,"M_SD_025"
"1108",3,"scalefree",0.997732426303855,4,"Plant",2,"M_SD_025"
"1109",4,"scalefree",0.997732426303855,4,"Plant",2,"M_SD_025"
"1110",5,"scalefree",0.997732426303855,2,"Plant",2,"M_SD_025"
"1111",6,"scalefree",0.997732426303855,2,"Plant",2,"M_SD_025"
"1112",7,"scalefree",0.961451247165533,1,"Plant",2,"M_SD_025"
"1113",8,"scalefree",0.997732426303855,7,"Animal",2,"M_SD_025"
"1114",9,"scalefree",0.997732426303855,4,"Animal",2,"M_SD_025"
"1115",10,"scalefree",0.997732426303855,3,"Animal",2,"M_SD_025"
"1116",11,"scalefree",0.997732426303855,3,"Animal",2,"M_SD_025"
"1117",12,"scalefree",0.997732426303855,3,"Animal",2,"M_SD_025"
"1118",13,"scalefree",0.997732426303855,2,"Animal",2,"M_SD_025"
"1119",1,"scalefree",0.99546485260771,5,"Plant",3,"M_SD_025"
"1120",2,"scalefree",0.99546485260771,4,"Plant",3,"M_SD_025"
"1121",3,"scalefree",0.99546485260771,4,"Plant",3,"M_SD_025"
"1122",4,"scalefree",0.99546485260771,4,"Plant",3,"M_SD_025"
"1123",5,"scalefree",0.99546485260771,2,"Plant",3,"M_SD_025"
"1124",6,"scalefree",0.99546485260771,2,"Plant",3,"M_SD_025"
"1125",7,"scalefree",0.929705215419501,1,"Plant",3,"M_SD_025"
"1126",8,"scalefree",0.99546485260771,7,"Animal",3,"M_SD_025"
"1127",9,"scalefree",0.99546485260771,4,"Animal",3,"M_SD_025"
"1128",10,"scalefree",0.99546485260771,3,"Animal",3,"M_SD_025"
"1129",11,"scalefree",0.99546485260771,3,"Animal",3,"M_SD_025"
"1130",12,"scalefree",0.99546485260771,3,"Animal",3,"M_SD_025"
"1131",13,"scalefree",0.99546485260771,2,"Animal",3,"M_SD_025"
"1132",1,"scalefree",0.977324263038549,5,"Plant",4,"M_SD_025"
"1133",2,"scalefree",0.977324263038549,4,"Plant",4,"M_SD_025"
"1134",3,"scalefree",0.977324263038549,4,"Plant",4,"M_SD_025"
"1135",4,"scalefree",0.977324263038549,4,"Plant",4,"M_SD_025"
"1136",5,"scalefree",0.977324263038549,2,"Plant",4,"M_SD_025"
"1137",6,"scalefree",0.977324263038549,2,"Plant",4,"M_SD_025"
"1138",7,"scalefree",0.91156462585034,1,"Plant",4,"M_SD_025"
"1139",8,"scalefree",0.977324263038549,7,"Animal",4,"M_SD_025"
"1140",9,"scalefree",0.977324263038549,4,"Animal",4,"M_SD_025"
"1141",10,"scalefree",0.977324263038549,3,"Animal",4,"M_SD_025"
"1142",11,"scalefree",0.977324263038549,3,"Animal",4,"M_SD_025"
"1143",12,"scalefree",0.977324263038549,3,"Animal",4,"M_SD_025"
"1144",13,"scalefree",0.977324263038549,2,"Animal",4,"M_SD_025"
"1145",1,"scalefree",0.963718820861678,5,"Plant",5,"M_SD_025"
"1146",2,"scalefree",0.963718820861678,4,"Plant",5,"M_SD_025"
"1147",3,"scalefree",0.963718820861678,4,"Plant",5,"M_SD_025"
"1148",4,"scalefree",0.963718820861678,4,"Plant",5,"M_SD_025"
"1149",5,"scalefree",0.959183673469388,2,"Plant",5,"M_SD_025"
"1150",6,"scalefree",0.959183673469388,2,"Plant",5,"M_SD_025"
"1151",7,"scalefree",0.879818594104308,1,"Plant",5,"M_SD_025"
"1152",8,"scalefree",0.963718820861678,7,"Animal",5,"M_SD_025"
"1153",9,"scalefree",0.963718820861678,4,"Animal",5,"M_SD_025"
"1154",10,"scalefree",0.963718820861678,3,"Animal",5,"M_SD_025"
"1155",11,"scalefree",0.963718820861678,3,"Animal",5,"M_SD_025"
"1156",12,"scalefree",0.963718820861678,3,"Animal",5,"M_SD_025"
"1157",13,"scalefree",0.963718820861678,2,"Animal",5,"M_SD_025"
"1158",1,"scalefree",0.922902494331066,5,"Plant",6,"M_SD_025"
"1159",2,"scalefree",0.922902494331066,4,"Plant",6,"M_SD_025"
"1160",3,"scalefree",0.922902494331066,4,"Plant",6,"M_SD_025"
"1161",4,"scalefree",0.922902494331066,4,"Plant",6,"M_SD_025"
"1162",5,"scalefree",0.918367346938776,2,"Plant",6,"M_SD_025"
"1163",6,"scalefree",0.922902494331066,2,"Plant",6,"M_SD_025"
"1164",7,"scalefree",0.841269841269841,1,"Plant",6,"M_SD_025"
"1165",8,"scalefree",0.922902494331066,7,"Animal",6,"M_SD_025"
"1166",9,"scalefree",0.922902494331066,4,"Animal",6,"M_SD_025"
"1167",10,"scalefree",0.922902494331066,3,"Animal",6,"M_SD_025"
"1168",11,"scalefree",0.922902494331066,3,"Animal",6,"M_SD_025"
"1169",12,"scalefree",0.922902494331066,3,"Animal",6,"M_SD_025"
"1170",13,"scalefree",0.920634920634921,2,"Animal",6,"M_SD_025"
"1171",1,"scalefree",0.900226757369615,5,"Plant",7,"M_SD_025"
"1172",2,"scalefree",0.900226757369615,4,"Plant",7,"M_SD_025"
"1173",3,"scalefree",0.900226757369615,4,"Plant",7,"M_SD_025"
"1174",4,"scalefree",0.900226757369615,4,"Plant",7,"M_SD_025"
"1175",5,"scalefree",0.900226757369615,2,"Plant",7,"M_SD_025"
"1176",6,"scalefree",0.900226757369615,2,"Plant",7,"M_SD_025"
"1177",7,"scalefree",0.786848072562358,1,"Plant",7,"M_SD_025"
"1178",8,"scalefree",0.900226757369615,7,"Animal",7,"M_SD_025"
"1179",9,"scalefree",0.900226757369615,4,"Animal",7,"M_SD_025"
"1180",10,"scalefree",0.900226757369615,3,"Animal",7,"M_SD_025"
"1181",11,"scalefree",0.900226757369615,3,"Animal",7,"M_SD_025"
"1182",12,"scalefree",0.900226757369615,3,"Animal",7,"M_SD_025"
"1183",13,"scalefree",0.895691609977324,2,"Animal",7,"M_SD_025"
"1184",1,"scalefree",0.868480725623583,5,"Plant",8,"M_SD_025"
"1185",2,"scalefree",0.868480725623583,4,"Plant",8,"M_SD_025"
"1186",3,"scalefree",0.868480725623583,4,"Plant",8,"M_SD_025"
"1187",4,"scalefree",0.868480725623583,4,"Plant",8,"M_SD_025"
"1188",5,"scalefree",0.863945578231292,2,"Plant",8,"M_SD_025"
"1189",6,"scalefree",0.866213151927438,2,"Plant",8,"M_SD_025"
"1190",7,"scalefree",0.739229024943311,1,"Plant",8,"M_SD_025"
"1191",8,"scalefree",0.868480725623583,7,"Animal",8,"M_SD_025"
"1192",9,"scalefree",0.868480725623583,4,"Animal",8,"M_SD_025"
"1193",10,"scalefree",0.868480725623583,3,"Animal",8,"M_SD_025"
"1194",11,"scalefree",0.868480725623583,3,"Animal",8,"M_SD_025"
"1195",12,"scalefree",0.868480725623583,3,"Animal",8,"M_SD_025"
"1196",13,"scalefree",0.850340136054422,2,"Animal",8,"M_SD_025"
"1197",1,"scalefree",0.827664399092971,5,"Plant",9,"M_SD_025"
"1198",2,"scalefree",0.827664399092971,4,"Plant",9,"M_SD_025"
"1199",3,"scalefree",0.827664399092971,4,"Plant",9,"M_SD_025"
"1200",4,"scalefree",0.827664399092971,4,"Plant",9,"M_SD_025"
"1201",5,"scalefree",0.80952380952381,2,"Plant",9,"M_SD_025"
"1202",6,"scalefree",0.81859410430839,2,"Plant",9,"M_SD_025"
"1203",7,"scalefree",0.673469387755102,1,"Plant",9,"M_SD_025"
"1204",8,"scalefree",0.827664399092971,7,"Animal",9,"M_SD_025"
"1205",9,"scalefree",0.827664399092971,4,"Animal",9,"M_SD_025"
"1206",10,"scalefree",0.827664399092971,3,"Animal",9,"M_SD_025"
"1207",11,"scalefree",0.827664399092971,3,"Animal",9,"M_SD_025"
"1208",12,"scalefree",0.827664399092971,3,"Animal",9,"M_SD_025"
"1209",13,"scalefree",0.82312925170068,2,"Animal",9,"M_SD_025"
"1210",1,"scalefree",0.768707482993197,5,"Plant",10,"M_SD_025"
"1211",2,"scalefree",0.768707482993197,4,"Plant",10,"M_SD_025"
"1212",3,"scalefree",0.768707482993197,4,"Plant",10,"M_SD_025"
"1213",4,"scalefree",0.768707482993197,4,"Plant",10,"M_SD_025"
"1214",5,"scalefree",0.757369614512472,2,"Plant",10,"M_SD_025"
"1215",6,"scalefree",0.761904761904762,2,"Plant",10,"M_SD_025"
"1216",7,"scalefree",0.623582766439909,1,"Plant",10,"M_SD_025"
"1217",8,"scalefree",0.768707482993197,7,"Animal",10,"M_SD_025"
"1218",9,"scalefree",0.768707482993197,4,"Animal",10,"M_SD_025"
"1219",10,"scalefree",0.768707482993197,3,"Animal",10,"M_SD_025"
"1220",11,"scalefree",0.768707482993197,3,"Animal",10,"M_SD_025"
"1221",12,"scalefree",0.768707482993197,3,"Animal",10,"M_SD_025"
"1222",13,"scalefree",0.752834467120181,2,"Animal",10,"M_SD_025"
"1223",1,"scalefree",0.72562358276644,5,"Plant",11,"M_SD_025"
"1224",2,"scalefree",0.72562358276644,4,"Plant",11,"M_SD_025"
"1225",3,"scalefree",0.72562358276644,4,"Plant",11,"M_SD_025"
"1226",4,"scalefree",0.72562358276644,4,"Plant",11,"M_SD_025"
"1227",5,"scalefree",0.700680272108844,2,"Plant",11,"M_SD_025"
"1228",6,"scalefree",0.707482993197279,2,"Plant",11,"M_SD_025"
"1229",7,"scalefree",0.557823129251701,1,"Plant",11,"M_SD_025"
"1230",8,"scalefree",0.72562358276644,7,"Animal",11,"M_SD_025"
"1231",9,"scalefree",0.72562358276644,4,"Animal",11,"M_SD_025"
"1232",10,"scalefree",0.723356009070295,3,"Animal",11,"M_SD_025"
"1233",11,"scalefree",0.72562358276644,3,"Animal",11,"M_SD_025"
"1234",12,"scalefree",0.72562358276644,3,"Animal",11,"M_SD_025"
"1235",13,"scalefree",0.698412698412698,2,"Animal",11,"M_SD_025"
"1236",1,"scalefree",0.646258503401361,5,"Plant",12,"M_SD_025"
"1237",2,"scalefree",0.646258503401361,4,"Plant",12,"M_SD_025"
"1238",3,"scalefree",0.646258503401361,4,"Plant",12,"M_SD_025"
"1239",4,"scalefree",0.646258503401361,4,"Plant",12,"M_SD_025"
"1240",5,"scalefree",0.623582766439909,2,"Plant",12,"M_SD_025"
"1241",6,"scalefree",0.623582766439909,2,"Plant",12,"M_SD_025"
"1242",7,"scalefree",0.489795918367347,1,"Plant",12,"M_SD_025"
"1243",8,"scalefree",0.646258503401361,7,"Animal",12,"M_SD_025"
"1244",9,"scalefree",0.646258503401361,4,"Animal",12,"M_SD_025"
"1245",10,"scalefree",0.648526077097506,3,"Animal",12,"M_SD_025"
"1246",11,"scalefree",0.646258503401361,3,"Animal",12,"M_SD_025"
"1247",12,"scalefree",0.646258503401361,3,"Animal",12,"M_SD_025"
"1248",13,"scalefree",0.612244897959184,2,"Animal",12,"M_SD_025"
"1249",1,"scalefree",0.575963718820862,5,"Plant",13,"M_SD_025"
"1250",2,"scalefree",0.575963718820862,4,"Plant",13,"M_SD_025"
"1251",3,"scalefree",0.575963718820862,4,"Plant",13,"M_SD_025"
"1252",4,"scalefree",0.575963718820862,4,"Plant",13,"M_SD_025"
"1253",5,"scalefree",0.54421768707483,2,"Plant",13,"M_SD_025"
"1254",6,"scalefree",0.546485260770975,2,"Plant",13,"M_SD_025"
"1255",7,"scalefree",0.419501133786848,1,"Plant",13,"M_SD_025"
"1256",8,"scalefree",0.575963718820862,7,"Animal",13,"M_SD_025"
"1257",9,"scalefree",0.575963718820862,4,"Animal",13,"M_SD_025"
"1258",10,"scalefree",0.573696145124717,3,"Animal",13,"M_SD_025"
"1259",11,"scalefree",0.575963718820862,3,"Animal",13,"M_SD_025"
"1260",12,"scalefree",0.573696145124717,3,"Animal",13,"M_SD_025"
"1261",13,"scalefree",0.530612244897959,2,"Animal",13,"M_SD_025"
"1262",1,"scalefree",0.496598639455782,5,"Plant",14,"M_SD_025"
"1263",2,"scalefree",0.496598639455782,4,"Plant",14,"M_SD_025"
"1264",3,"scalefree",0.496598639455782,4,"Plant",14,"M_SD_025"
"1265",4,"scalefree",0.496598639455782,4,"Plant",14,"M_SD_025"
"1266",5,"scalefree",0.45578231292517,2,"Plant",14,"M_SD_025"
"1267",6,"scalefree",0.464852607709751,2,"Plant",14,"M_SD_025"
"1268",7,"scalefree",0.328798185941043,1,"Plant",14,"M_SD_025"
"1269",8,"scalefree",0.496598639455782,7,"Animal",14,"M_SD_025"
"1270",9,"scalefree",0.496598639455782,4,"Animal",14,"M_SD_025"
"1271",10,"scalefree",0.485260770975057,3,"Animal",14,"M_SD_025"
"1272",11,"scalefree",0.487528344671202,3,"Animal",14,"M_SD_025"
"1273",12,"scalefree",0.492063492063492,3,"Animal",14,"M_SD_025"
"1274",13,"scalefree",0.435374149659864,2,"Animal",14,"M_SD_025"
"1275",1,"scalefree",0.394557823129252,5,"Plant",15,"M_SD_025"
"1276",2,"scalefree",0.392290249433107,4,"Plant",15,"M_SD_025"
"1277",3,"scalefree",0.387755102040816,4,"Plant",15,"M_SD_025"
"1278",4,"scalefree",0.394557823129252,4,"Plant",15,"M_SD_025"
"1279",5,"scalefree",0.346938775510204,2,"Plant",15,"M_SD_025"
"1280",6,"scalefree",0.351473922902494,2,"Plant",15,"M_SD_025"
"1281",7,"scalefree",0.272108843537415,1,"Plant",15,"M_SD_025"
"1282",8,"scalefree",0.392290249433107,7,"Animal",15,"M_SD_025"
"1283",9,"scalefree",0.385487528344671,4,"Animal",15,"M_SD_025"
"1284",10,"scalefree",0.380952380952381,3,"Animal",15,"M_SD_025"
"1285",11,"scalefree",0.380952380952381,3,"Animal",15,"M_SD_025"
"1286",12,"scalefree",0.378684807256236,3,"Animal",15,"M_SD_025"
"1287",13,"scalefree",0.351473922902494,2,"Animal",15,"M_SD_025"
"1288",1,"scalefree",0.317460317460317,5,"Plant",16,"M_SD_025"
"1289",2,"scalefree",0.312925170068027,4,"Plant",16,"M_SD_025"
"1290",3,"scalefree",0.312925170068027,4,"Plant",16,"M_SD_025"
"1291",4,"scalefree",0.312925170068027,4,"Plant",16,"M_SD_025"
"1292",5,"scalefree",0.253968253968254,2,"Plant",16,"M_SD_025"
"1293",6,"scalefree",0.267573696145125,2,"Plant",16,"M_SD_025"
"1294",7,"scalefree",0.217687074829932,1,"Plant",16,"M_SD_025"
"1295",8,"scalefree",0.321995464852608,7,"Animal",16,"M_SD_025"
"1296",9,"scalefree",0.310657596371882,4,"Animal",16,"M_SD_025"
"1297",10,"scalefree",0.297052154195011,3,"Animal",16,"M_SD_025"
"1298",11,"scalefree",0.301587301587302,3,"Animal",16,"M_SD_025"
"1299",12,"scalefree",0.306122448979592,3,"Animal",16,"M_SD_025"
"1300",13,"scalefree",0.253968253968254,2,"Animal",16,"M_SD_025"
"1301",1,"scalefree",0.219954648526077,5,"Plant",17,"M_SD_025"
"1302",2,"scalefree",0.217687074829932,4,"Plant",17,"M_SD_025"
"1303",3,"scalefree",0.217687074829932,4,"Plant",17,"M_SD_025"
"1304",4,"scalefree",0.219954648526077,4,"Plant",17,"M_SD_025"
"1305",5,"scalefree",0.192743764172336,2,"Plant",17,"M_SD_025"
"1306",6,"scalefree",0.19047619047619,2,"Plant",17,"M_SD_025"
"1307",7,"scalefree",0.160997732426304,1,"Plant",17,"M_SD_025"
"1308",8,"scalefree",0.219954648526077,7,"Animal",17,"M_SD_025"
"1309",9,"scalefree",0.206349206349206,4,"Animal",17,"M_SD_025"
"1310",10,"scalefree",0.197278911564626,3,"Animal",17,"M_SD_025"
"1311",11,"scalefree",0.197278911564626,3,"Animal",17,"M_SD_025"
"1312",12,"scalefree",0.199546485260771,3,"Animal",17,"M_SD_025"
"1313",13,"scalefree",0.18140589569161,2,"Animal",17,"M_SD_025"
"1314",1,"scalefree",0.158730158730159,5,"Plant",18,"M_SD_025"
"1315",2,"scalefree",0.151927437641723,4,"Plant",18,"M_SD_025"
"1316",3,"scalefree",0.147392290249433,4,"Plant",18,"M_SD_025"
"1317",4,"scalefree",0.147392290249433,4,"Plant",18,"M_SD_025"
"1318",5,"scalefree",0.133786848072562,2,"Plant",18,"M_SD_025"
"1319",6,"scalefree",0.133786848072562,2,"Plant",18,"M_SD_025"
"1320",7,"scalefree",0.111111111111111,1,"Plant",18,"M_SD_025"
"1321",8,"scalefree",0.160997732426304,7,"Animal",18,"M_SD_025"
"1322",9,"scalefree",0.149659863945578,4,"Animal",18,"M_SD_025"
"1323",10,"scalefree",0.140589569160998,3,"Animal",18,"M_SD_025"
"1324",11,"scalefree",0.142857142857143,3,"Animal",18,"M_SD_025"
"1325",12,"scalefree",0.136054421768707,3,"Animal",18,"M_SD_025"
"1326",13,"scalefree",0.120181405895692,2,"Animal",18,"M_SD_025"
"1327",1,"scalefree",0.0861678004535147,5,"Plant",19,"M_SD_025"
"1328",2,"scalefree",0.0884353741496599,4,"Plant",19,"M_SD_025"
"1329",3,"scalefree",0.0861678004535147,4,"Plant",19,"M_SD_025"
"1330",4,"scalefree",0.0861678004535147,4,"Plant",19,"M_SD_025"
"1331",5,"scalefree",0.0770975056689342,2,"Plant",19,"M_SD_025"
"1332",6,"scalefree",0.0816326530612245,2,"Plant",19,"M_SD_025"
"1333",7,"scalefree",0.072562358276644,1,"Plant",19,"M_SD_025"
"1334",8,"scalefree",0.0929705215419501,7,"Animal",19,"M_SD_025"
"1335",9,"scalefree",0.0861678004535147,4,"Animal",19,"M_SD_025"
"1336",10,"scalefree",0.0861678004535147,3,"Animal",19,"M_SD_025"
"1337",11,"scalefree",0.0884353741496599,3,"Animal",19,"M_SD_025"
"1338",12,"scalefree",0.0884353741496599,3,"Animal",19,"M_SD_025"
"1339",13,"scalefree",0.0839002267573696,2,"Animal",19,"M_SD_025"
"1340",1,"scalefree",0.0589569160997732,5,"Plant",20,"M_SD_025"
"1341",2,"scalefree",0.0566893424036281,4,"Plant",20,"M_SD_025"
"1342",3,"scalefree",0.0566893424036281,4,"Plant",20,"M_SD_025"
"1343",4,"scalefree",0.0521541950113379,4,"Plant",20,"M_SD_025"
"1344",5,"scalefree",0.0521541950113379,2,"Plant",20,"M_SD_025"
"1345",6,"scalefree",0.054421768707483,2,"Plant",20,"M_SD_025"
"1346",7,"scalefree",0.0521541950113379,1,"Plant",20,"M_SD_025"
"1347",8,"scalefree",0.0589569160997732,7,"Animal",20,"M_SD_025"
"1348",9,"scalefree",0.0566893424036281,4,"Animal",20,"M_SD_025"
"1349",10,"scalefree",0.0566893424036281,3,"Animal",20,"M_SD_025"
"1350",11,"scalefree",0.054421768707483,3,"Animal",20,"M_SD_025"
"1351",12,"scalefree",0.0566893424036281,3,"Animal",20,"M_SD_025"
"1352",13,"scalefree",0.0566893424036281,2,"Animal",20,"M_SD_025"
"1353",1,"scalefree",0,5,"Plant",21,"M_SD_025"
"1354",2,"scalefree",0,4,"Plant",21,"M_SD_025"
"1355",3,"scalefree",0,4,"Plant",21,"M_SD_025"
"1356",4,"scalefree",0,4,"Plant",21,"M_SD_025"
"1357",5,"scalefree",0,2,"Plant",21,"M_SD_025"
"1358",6,"scalefree",0,2,"Plant",21,"M_SD_025"
"1359",7,"scalefree",0,1,"Plant",21,"M_SD_025"
"1360",8,"scalefree",0,7,"Animal",21,"M_SD_025"
"1361",9,"scalefree",0,4,"Animal",21,"M_SD_025"
"1362",10,"scalefree",0,3,"Animal",21,"M_SD_025"
"1363",11,"scalefree",0,3,"Animal",21,"M_SD_025"
"1364",12,"scalefree",0,3,"Animal",21,"M_SD_025"
"1365",13,"scalefree",0,2,"Animal",21,"M_SD_025"
